-- MySQL dump 10.13  Distrib 8.0.27, for Win64 (x86_64)
--
-- Host: 192.168.31.241    Database: privilege_gateway
-- ------------------------------------------------------
-- Server version	8.0.27

/*!40101 SET @OLD_CHARACTER_SET_CLIENT=@@CHARACTER_SET_CLIENT */;
/*!40101 SET @OLD_CHARACTER_SET_RESULTS=@@CHARACTER_SET_RESULTS */;
/*!40101 SET @OLD_COLLATION_CONNECTION=@@COLLATION_CONNECTION */;
/*!50503 SET NAMES utf8mb4 */;
/*!40103 SET @OLD_TIME_ZONE=@@TIME_ZONE */;
/*!40103 SET TIME_ZONE='+00:00' */;
/*!40014 SET @OLD_UNIQUE_CHECKS=@@UNIQUE_CHECKS, UNIQUE_CHECKS=0 */;
/*!40014 SET @OLD_FOREIGN_KEY_CHECKS=@@FOREIGN_KEY_CHECKS, FOREIGN_KEY_CHECKS=0 */;
/*!40101 SET @OLD_SQL_MODE=@@SQL_MODE, SQL_MODE='NO_AUTO_VALUE_ON_ZERO' */;
/*!40111 SET @OLD_SQL_NOTES=@@SQL_NOTES, SQL_NOTES=0 */;

--
-- Dumping data for table `auth_group`
--

LOCK TABLES `auth_group` WRITE;
/*!40000 ALTER TABLE `auth_group` DISABLE KEYS */;
INSERT INTO `auth_group` VALUES (1,0,'平台数据维护部',NULL,0,1,'2021-12-04 15:54:11',NULL,NULL,'admin',NULL),(2,0,'平台权限管理部',NULL,0,1,'2021-12-04 15:54:11',NULL,NULL,'admin',NULL),(3,0,'平台评论部',NULL,0,1,'2021-12-04 15:54:11',NULL,NULL,'admin',NULL),(4,1,'店铺1权限部',NULL,0,1,'2021-12-04 15:54:11',NULL,NULL,'admin',NULL),(5,2,'店铺2权限部',NULL,0,1,'2021-12-04 15:54:11',NULL,NULL,'admin',NULL),(6,1,'店铺1优惠部',NULL,0,1,'2021-12-04 15:54:11',NULL,NULL,'admin',NULL),(7,2,'店铺2预售部',NULL,0,1,'2021-12-04 15:54:11',NULL,NULL,'admin',NULL),(8,1,'店铺1权限优惠部',NULL,0,1,'2021-12-04 16:01:04',NULL,NULL,'admin',NULL),(9,2,'店铺2权限预售部',NULL,0,1,'2021-12-04 16:01:04',NULL,NULL,'admin',NULL);
/*!40000 ALTER TABLE `auth_group` ENABLE KEYS */;
UNLOCK TABLES;

--
-- Dumping data for table `auth_group_relation`
--

LOCK TABLES `auth_group_relation` WRITE;
/*!40000 ALTER TABLE `auth_group_relation` DISABLE KEYS */;
INSERT INTO `auth_group_relation` VALUES (1,4,8,'38678eee06598adb72224f3d316aa0c0c2e5917e37cc67aec09dafaecdc2b790',1,'2021-12-04 16:02:30',NULL,NULL,'admin',NULL),(2,6,8,'742595dc2605b1b9ded786a8b24f3ec0fddb44d49a77bb7186d3090411fb4e9f',1,'2021-12-04 16:02:30',NULL,NULL,'admin',NULL),(3,5,9,'e5fd0517a0387e48ed4c61b9423ba47208ae1c0853c157d35b2cfc049ac62f66',1,'2021-12-04 16:03:07',NULL,NULL,'admin',NULL),(4,7,9,'4b86cb1e4dcaaca79cd9cd104abfc14705b6506fbe60484026c6f0b781d927e7',1,'2021-12-04 16:03:07',NULL,NULL,'admin',NULL);
/*!40000 ALTER TABLE `auth_group_relation` ENABLE KEYS */;
UNLOCK TABLES;

--
-- Dumping data for table `auth_group_role`
--

LOCK TABLES `auth_group_role` WRITE;
/*!40000 ALTER TABLE `auth_group_role` DISABLE KEYS */;
INSERT INTO `auth_group_role` VALUES (1,94,1,'e3260e21570ecf9f302f0d61689f0b1a6a06888b61664636c3f02e13adb43b49',1,'2021-12-04 15:56:40',NULL,NULL,'admin',NULL),(2,96,1,'150ad62e30ac19ef0a59bd637abd6e219604afb37c1924bea47b4fa39ba8da6d',1,'2021-12-04 15:56:40',NULL,NULL,'admin',NULL),(3,102,1,'3b0351af6115063ce6b64e558e7b39ef274ae5b95a691db55673ee627620c95d',1,'2021-12-04 15:56:40',NULL,NULL,'admin',NULL),(4,97,2,'eca57c80fba087293fbec75ed9540b78fee0796a41dfc06e1e9668b097c817bb',1,'2021-12-04 15:57:38',NULL,NULL,'admin',NULL),(5,98,2,'74f4554e202691485d069cf4ad726fa80c1209b7a2dc6413d0bf6eb369b6a0e6',1,'2021-12-04 15:57:38',NULL,NULL,'admin',NULL),(6,99,2,'2fe8c233a3f9c7cfb2072733f46057227959ada35bc31c6717644bad73e9cba7',1,'2021-12-04 15:57:38',NULL,NULL,'admin',NULL),(7,100,2,'b314b8ec94f64799951dac2223b491e57b076a0ff5acbe3c56bcedcc890da417',1,'2021-12-04 15:57:38',NULL,NULL,'admin',NULL),(11,97,4,'e9748e6748e0f05ef7814bb7abb0338447d7edaebdc0daa4a95a67843b80fe3a',1,'2021-12-04 15:58:13',NULL,NULL,'admin',NULL),(12,98,4,'b2c4e38e22f46f4c5f0c2ba8330dbe1551144cd1f460b39aa39ad1eaa185af42',1,'2021-12-04 15:58:13',NULL,NULL,'admin',NULL),(13,99,4,'e717103e0f8d0ae9ef916fb11467931eb79c8c25a67480647328b0131a22a5ed',1,'2021-12-04 15:58:13',NULL,NULL,'admin',NULL),(14,100,4,'51fbfca1dd4459b636d831ecc02933076d287bf4ebfdbae8db710e1539fb3565',1,'2021-12-04 15:58:13',NULL,NULL,'admin',NULL),(18,97,5,'906784d7a6a653b7756fe8e5b2580242ba02197bf28abb1ca624de0e9ee1a547',1,'2021-12-04 15:58:19',NULL,NULL,'admin',NULL),(19,98,5,'60eb722fbd12d127b7fa3bb6702a9ac9c4edaf2c995ed12f733e45207a9b4c0c',1,'2021-12-04 15:58:19',NULL,NULL,'admin',NULL),(20,99,5,'faadef7d09937d2c1f16ced92480841342af80f9d26c971119e0c2219a51c20f',1,'2021-12-04 15:58:19',NULL,NULL,'admin',NULL),(21,100,5,'91f03a4f71e8b77fb7348b17137e479a157f9eaeaefbd789b74432f4ab976113',1,'2021-12-04 15:58:19',NULL,NULL,'admin',NULL),(25,101,3,'8e2b863ae81c563eff58c5e35492b975a8c8fabb856a24d0e509bda7bd55be32',1,'2021-12-04 15:59:05',NULL,NULL,'admin',NULL),(26,88,7,'b7e00d258b7bcc999ccc1dfd3bad2f8dc90bb406965e225526110d4fb3566819',1,'2021-12-04 15:59:34',NULL,NULL,'admin',NULL),(27,91,6,'18f253fa6456fd4cbdde4f9e4926abef6294c2210a65da7ae19acf6f0c3bcf70',1,'2021-12-05 00:38:18',NULL,NULL,'admin',NULL);
/*!40000 ALTER TABLE `auth_group_role` ENABLE KEYS */;
UNLOCK TABLES;

--
-- Dumping data for table `auth_new_user`
--

LOCK TABLES `auth_new_user` WRITE;
/*!40000 ALTER TABLE `auth_new_user` DISABLE KEYS */;
INSERT INTO `auth_new_user` VALUES (1,'C2CB81B3227FD3158AF14CABC2B8ED85','2F8FE4B25ED563C0793CA8EE32308ABFC0D17CB855DF1C958A0B47B1D8C11A50E6EE0689F9840B3D43ACE844593499C4','E355C83BF3CFFFAACC5E61C1E9443C4E','7F66FD031BFA064F2E48C550B39A302F',NULL,'123123',1,'F138FCAB00C6A34323BBAD714CA12864D60064C28E1C8AF8232AF04D9410B091E6EE0689F9840B3D43ACE844593499C4',NULL,'2020-11-18 22:48:24',NULL,NULL,NULL,NULL,'06ef4c067fad24914a7cbd24688fc0fffa97cbc21981878393233a36cc88426d',NULL,NULL),(4,'93B3719FF1794030FD54270AA6C3D137','C48E3552EB63F8EDA439CB7616EDB4B6','CCA2D7D15FA8868FE33236D328837599C3C6B7BBE6D54F37B1787D91462AB180','F3EFE2D37617AC999DA6136CBD64370C',NULL,NULL,0,'E64621DFB153E686CA0ACE67B694F4AB',NULL,'2021-11-29 09:07:09',NULL,NULL,'B7B11905DD1AC8394D45E5ABE33B14D7','BCB71451C344BFB09FC0403699098E9E','500082492b70c42e025a8456bbfc078182cd1ed91d9b3d415dd4e1404ff21648',NULL,NULL),(5,'EF7ADE5A31304218CCE47634B1A37790','6105661F38FA3DE1834B9336BC2F60A6','7D91552178DF481F55FA86A9FC7E68FAC3C6B7BBE6D54F37B1787D91462AB180','F3EFE2D37617AC999DA6136CBD64370C',NULL,NULL,0,'E64621DFB153E686CA0ACE67B694F4AB',NULL,'2021-11-29 09:07:20',NULL,NULL,'B7B11905DD1AC8394D45E5ABE33B14D7','BCB71451C344BFB09FC0403699098E9E','3de0d2f96d38704edc2908e533a177a108e76ea63c3696ad13d4060340257a9b',NULL,NULL),(6,'8CFA28B8D906FAFAF791C1C29F8F427A','213CB503DD77B4FC06A655CE2C9B682C','1A7BC664B745AF075CA2F5B280353970C3C6B7BBE6D54F37B1787D91462AB180','F3EFE2D37617AC999DA6136CBD64370C',NULL,NULL,0,'E64621DFB153E686CA0ACE67B694F4AB',NULL,'2021-11-29 09:07:36',NULL,NULL,'B7B11905DD1AC8394D45E5ABE33B14D7','BCB71451C344BFB09FC0403699098E9E','6da3528adc2835ffdb5364e68aabb68f93c1a9e477b6e865cbc742d635d298eb',NULL,NULL);
/*!40000 ALTER TABLE `auth_new_user` ENABLE KEYS */;
UNLOCK TABLES;

--
-- Dumping data for table `auth_privilege`
--

LOCK TABLES `auth_privilege` WRITE;
/*!40000 ALTER TABLE `auth_privilege` DISABLE KEYS */;
INSERT INTO `auth_privilege` VALUES (2,'查看任意用户信息','/privilege/departs/{id}/users/{id}',0,'8a84d6c73ce7be127bbe3795b214e0cdf838ff330fe4b0fa75be8051369bc659',1,'2020-11-01 09:52:20',NULL,'2020-11-02 21:51:45','admin',NULL,0),(3,'修改任意用户信息','/privilege/departs/{id}/users/{id}',2,'8bc43f607bc89326da072e231b550a563a68adcc3ab73139aa1c5346e33af1c7',1,'2020-11-01 09:53:03',NULL,'2020-11-02 21:51:45','admin',NULL,0),(4,'删除用户','/privilege/departs/{id}/users/{id}',3,'8d94476f35c769e4f5ab256cb27bab71039c7bd5eae39f4217b2e25609cb78a4',1,'2020-11-01 09:53:36',NULL,'2020-11-02 21:51:45','admin',NULL,0),(5,'恢复用户','/privilege/departs/{id}/users/{id}/release',2,'579f62bde4c387f51087e1d00983287c2a9b386b6d307344bcf2982c0815e93a',1,'2020-11-01 09:59:24',NULL,'2020-11-02 21:51:45','admin',NULL,0),(6,'禁止用户登录','/privilege/departs/{id}/users/{id}/forbid',2,'c7a031dda1049c908a1295084c3a457ef29a59b8b7f7db4abeedf3321b75d239',1,'2020-11-01 10:02:32',NULL,'2020-11-02 21:51:45','admin',NULL,0),(7,'赋予用户角色','/privilege/departs/{id}/users/{id}/roles/{id}',1,'d4d96aa5b42f4ac9eb837e9cfc969fbf50d7f18c503d480eff5dc0598ed5869f',1,'2020-11-01 10:02:35',NULL,'2020-11-02 21:51:45','admin',NULL,0),(8,'取消用户角色','/privilege/departs/{id}/users/{id}/roles/{id}',3,'ce5e8efaa58deec5741eb99e27a74702dfa3ce6e551d06906f795828ac9bcecc',1,'2020-11-01 10:03:16',NULL,'2020-11-02 21:51:45','admin',NULL,0),(9,'新增角色','/privilege/departs/{id}/roles',1,'0c9d98c15fd56909dd4a5367e8b368c81b018996d7927c554ec51edfe2be7e78',1,'2020-11-01 10:04:09',NULL,'2020-11-02 21:51:45','admin',NULL,0),(10,'删除角色','/privilege/departs/{id}/roles/{id}',3,'aef9254b2d46ce16b1fd9a31282fdcb47dc7c4cbf7bc8a01b063cb52dfc47395',1,'2020-11-01 10:04:42',NULL,'2020-11-02 21:51:45','admin',NULL,0),(11,'修改角色信息','/privilege/departs/{id}/roles/{id}',2,'15fdf8ee75b4c3b3d21e260d7cd748fa901d8aa5b4ed8a668f7eb52187b5750b',1,'2020-11-01 10:05:20',NULL,'2020-11-02 21:51:45','admin',NULL,0),(12,'给功能角色增加权限','/privilege/departs/{id}/baseroles/{id}/privileges/{id}',1,'308ac78b4771d2758bc5c7966cdf4596ee70e52db6ee0ffe6278ccc7fad0639d',1,'2020-11-01 10:06:03',NULL,'2020-11-02 21:51:46','admin',NULL,0),(13,'取消功能角色权限','/privilege/departs/{id}/baseroles/{id}/privileges/{id}',3,'e4300fc86eda7a0553f8a3ae142631da80b4e6e779abac567b9897fd32d8c98b',1,'2020-11-01 10:06:43',NULL,'2020-11-03 21:30:31','admin',NULL,0),(14,'修改权限信息','/privilege/departs/{id}/privileges/{id}',2,'77255b12229d661165a7d27da7cdf0be20084a70909b9be19c78334ae7adeadd',1,'2020-11-01 10:08:18',NULL,'2020-11-02 21:51:46','admin',NULL,0),(17,'解除代理关系','/privilege/departs/{id}/proxies/{id}',3,'c2d0e315d57b22a93a28e598b6c9c02d6773e90100259f62764bf898368c4d45',1,'2020-11-03 17:57:45',NULL,'2020-11-03 19:48:47','admin',NULL,0),(18,'获得商品的运费模板','/freight/shops/{id}/freightmodels',0,'84532724728027b3b7a936e196cc41a9092a6396c124b774668271b8ef0d7ac7',1,'2020-11-03 19:52:04',NULL,'2020-11-03 19:56:43','admin',NULL,0),(19,'管理员设置用户代理关系','/privilege/departs/{id}/users/{id}/proxyusers/{id}',1,'f46286948a259edb6b1fa1a48754f0c8cb0f0d43553fdb7672910d82dfed6dd9',1,'2020-11-04 13:10:02',NULL,NULL,'admin',NULL,0),(20,'查询角色','/privilege/departs/{id}/roles',0,'453d68e843907eec3c727760da3df2844d3286d81de81061e93fe5cff5d0fe8e',1,'2020-11-04 13:10:02',NULL,NULL,'admin',NULL,0),(21,'获得商品的运费模板','/goods/shops/{id}/products/{id}/freightmodels',0,'359f692b9ede168c12e105a1318f151563f29a7afb3e17c6d2c3345944ed145b',1,'2020-12-12 14:28:52',NULL,NULL,'admin',NULL,0),(22,'货品发布','/goods/shops/{id}/products/{id}/publish',2,'725df20993e106fbe6f5cd7af92a2e9a83ecb4ab2ebbfa993550c3886c7363e3',1,'2020-12-12 14:28:55',NULL,NULL,'admin',NULL,0),(28,'管理员审核店铺','/shop/shops/{id}/newshops/{id}/audit',2,'2e4500d8ab09b8000c8890d8d201c7389c20ed326ccd5b75c6bffb3984cf31de',1,'2020-12-12 14:29:01',NULL,NULL,'admin',NULL,0),(29,'店家上线店铺','/shop/shops/{id}/online',2,'8caec5ee88dc8996994f985c5077cfb8d55687e4b230cc6cccd1209215ab4735',1,'2020-12-12 14:29:02',NULL,NULL,'admin',NULL,0),(30,'店家下线店铺','/shop/shops/{id}/offline',2,'0e6d0c48bbe4beddfdc5ab965b398d730c507648d030d6315ce88668c39aa0b9',1,'2020-12-12 14:29:03',NULL,NULL,'admin',NULL,0),(31,'获得店铺信息','/shop/shops/{id}',0,'e80d6c5f8e25a1cb4115cd214b904cc48278c46c0082cac210a7efed1c754e48',1,'2020-12-13 17:46:39',NULL,NULL,'admin',NULL,0),(32,'店家查看货品信息详情','/goods/shops/{id}/products/{id}',0,'cd374db1bc64a6fa2d2289176fee3b06bfe610b4cc1566fca312aa2b191adc6b',1,'2020-12-13 17:53:29',NULL,NULL,'admin',NULL,0),(33,'管理员修改商铺的运费定义','/shops/{id}/products/{id}/freightmodels/{id}',1,'6c760d8e55dd4c8bbd1cd37796ec02765cb8e2bd61edc0e1684d4cd672e77668',1,'2020-05-13 17:54:19',NULL,NULL,'admin',NULL,0),(34,'管理员查看运费模板用到的商品','/goods/shops/{id}/freightmodels/{id}/products',0,'a3c51a2afa5777862791d81ca1b5f78b409c1b74da279cd1adc6ecd6a61ee580',1,'2020-12-13 23:57:29',NULL,NULL,'admin',NULL,0),(35,'平台管理员解禁商品','/goods/shops/{id}/products/{id}/allow',2,'5bb540d96b36184607dd08438c5b6c67d9a01aeee71367feff8a7064d2641157',1,'2020-12-13 23:58:09',NULL,NULL,'admin',NULL,0),(36,'平台管理员禁售商品','/goods/shops/{id}/products/{id}/prohibit',2,'b36e0542b88c94ee9dd0027f40a0ecba6460e5f57104743ded12b5cae7a60709',1,'2020-12-13 23:59:13',NULL,NULL,'admin',NULL,0),(37,'管理员查询特定商品的价格浮动','/goods/shops/{id}/products/{id}/onsales',0,'cea7056784ae8df08e0535f9bb5c6660ca1ed09388b7e5defbfd116f130dbba2',1,'2020-12-13 23:59:40',NULL,NULL,'admin',NULL,0),(38,'物理删除草稿态的普通和秒杀Onsale','/goods/shops/{id}/products/{id}/onsales',3,'cf4d858b58181d667fb248b54977cfe6c0611796b8bb373e36c8274ce330ac12',1,'2020-12-14 00:00:29',NULL,NULL,'admin',NULL,0),(39,'修改普通和秒杀商品价格和数量','/goods/shops/{id}/products/{id}/onsales',2,'a13c435cbfb120b641ac7030e2fd43d30eec94208972332a7b751191f801a3be',1,'2020-12-14 00:01:33',NULL,NULL,'admin',NULL,0),(40,'平台管理员或店家关闭店铺','/shop/shops/{id}',3,'d8bde18bf8828d29de3a3355def43814ff9bea998a908221085857c5ece883b2',1,'2020-12-14 00:02:37',NULL,NULL,'admin',NULL,0),(41,'管理员查看优惠活动中的商品','/goods/shops/{id}/couponactivities/{id}/onsales',0,'9de0cfa4c53e88618cba9f26dea71b22c46e5ec191267185e54d5800755e0483',1,'2020-12-14 00:04:25',NULL,NULL,'admin',NULL,0),(42,'店家修改店铺信息','/shop/shops/{id}',2,'d6b712c60e0f490832cb45129c0db3564b135381ed85c3029ccc8c8ab1e376ef',1,'2020-12-14 00:04:27',NULL,NULL,'admin',NULL,0),(43,'管理员上线商品价格浮动','/goods/shops/{id}/onsales/{id}/online',2,'fd720625f2793ef4d8f16169fab09b76ab8586dc1a243a21f24ea8c0467f424b',1,'2020-12-14 00:04:28',NULL,NULL,'admin',NULL,0),(44,'管理员下线商品价格浮动','/goods/shops/{id}/onsales/{id}/offline',2,'ea460e546f1cd073de79cc534398bee6b33ddfa2b7f092c2e48f32d530906281',1,'2020-12-14 00:09:11',NULL,NULL,'admin',NULL,0),(45,'物理删除草稿态的普通和秒杀Onsale','/goods/shops/{id}/onsales/{id}',3,'f4e7b7dfed4faac352db39a1f058de58121c73b357b42f3305ce0019c3b4d22d',1,'2020-12-14 00:09:13',NULL,NULL,'admin',NULL,0),(46,'定义商品的运费模板','/goods/shops/{id}/products/{id}/freightmodels/{id}',2,'eda68e467bdf051445483fcc4198a42a976bce5c9264e97d6b5e9306b5527c9d',1,'2020-12-14 00:09:15',NULL,NULL,'admin',NULL,0),(48,'平台或店家创建新的分享活动','/goods/shops/{id}/shareactivities',1,'4fe49787ae7b8226a485594df1a0285ed8617bbb03556913901cf4215e7a2118',1,'2020-12-14 00:09:17',NULL,NULL,'admin',NULL,0),(49,'管理员修改平台分享活动的内容','/goods/shops/{id}/shareactivities/{id}',2,'b5c0b7761fdc37c111e869c1ec846f9aa5d7e2dca2d0e08f9ce681d1c766bc71',1,'2020-12-14 00:09:18',NULL,NULL,'admin',NULL,0),(50,'管理员下线指定商品的分享活动','/goods/shops/{id}/shareactivities/{id}/offline',2,'93ea7fe447e5fa1b0e17f796b753025f3ccd9b54c101547b6d65cb712044f354',1,'2020-12-14 00:23:37',NULL,NULL,'admin',NULL,0),(51,'管理员上线分享活动','/goods/shops/{id}/shareactivities/{id}/online',2,'566515db2fbea56b563af4d7e1b2c433e3ee2969a5cc4690399881eb876f4327',1,'2020-12-14 00:23:39',NULL,NULL,'admin',NULL,0),(52,'管理员查询店铺信息','/shop/shops/{id}/shops',0,'0c9744af78c5f960d4b7fd43bfa784b09c62146f45c67d0582e2c078ff02ecae',1,'2020-12-14 00:23:40',NULL,NULL,'admin',NULL,0),(53,'管理员获得店铺的账户','/shop/shops/{id}/accounts',0,'13a6219b7a68c32b0c6ff362d7722e2ebe5e65b1d9b8f6e0fe6eab3b1c0308f5',1,'2020-12-14 00:23:41',NULL,NULL,'admin',NULL,0),(54,'管理员增加店铺的账户','/shop/shops/{id}/accounts',1,'b1a99237d99b90aaf1ccff2f83c54797778a80c397bf8a33d2a26bb9ff629c33',1,'2020-12-14 00:23:42',NULL,NULL,'admin',NULL,0),(55,'查询没有一级分类的二级分类','/shop/shops/{id}/orphoncategories',0,'83b4ee1684345accf8c1b1c7888326e460ce01a4ea0cfe109b13967cdb87c3ec',1,'2020-12-14 00:23:43',NULL,NULL,'admin',NULL,0),(56,'缴纳保证金','/shop/shops/{shopId}/deposit',1,'2ce1f622cff7e369c8f1af55f9c794656b1e2ac410d70481a33fec45c5d5e268',1,'2020-12-14 00:23:43',NULL,NULL,'admin',NULL,0),(57,'店家对订单标记发货','/shops/{id}/orders/{id}/deliver',2,'82d7d9265e5bb4ad7f9d29d9cbc642ace71248f6b1e45ab2b0b0c88dba1391ac',1,'2020-12-14 00:23:45',NULL,NULL,'admin',NULL,0),(58,'管理员定义店铺的运费模板','/freight/shops/{id}/freightmodels',1,'4dca0e6fa39380bd28a7097d4750bfd9a09be30c848b47e6c5df8bc3e81b75d4',1,'2020-12-14 00:23:45',NULL,NULL,'admin',NULL,0),(59,'管理员克隆店铺的运费模板','/freight/shops/{id}/freightmodels/{id}/clone',1,'3dd4cfcf96415f6807ff2d4f89b966e2693b479708a42a9fd4cfd6c022e28722',1,'2020-12-14 00:23:46',NULL,NULL,'admin',NULL,0),(60,'管理员修改店铺的运费模板','/freight/shops/{id}/freightmodels/{id}',2,'dc5a3690a1a3ba7086effba4d8d082321d199fea05ec871babd791be8825f490',1,'2020-12-14 00:23:47',NULL,NULL,'admin',NULL,0),(61,'删除运费模板','/freight/shops/{id}/freightmodels/{id}',3,'4ba08eb76d3b91de77e7ca06d1f2a4b4545c964dabf8147d822d7a8b3f785471',1,'2020-12-14 00:23:48',NULL,NULL,'admin',NULL,0),(62,'获得默认运费模板详情','/freight/shops/{id}/freight_models/default',0,'d938dac322fa1ca87788ca51d9e156393f4ee320fbe0b742ad00e7b5cbc68ca4',1,'2020-12-14 00:23:49',NULL,NULL,'admin',NULL,0),(63,'管理员定义重量模板明细','/freight/shops/{id}/freightmodels/{id}/weightItems',1,'46c12e720dc83cab8241dcc02a5e3f4e227f230880f19d51c82286d4ab925e1f',1,'2020-12-14 00:23:50',NULL,NULL,'admin',NULL,0),(64,'管理员定义件数模板明细','/freight/shops/{id}/freightmodels/{id}/pieceItems',1,'02efbcd7d8c675742a37bec5f459fc4d9c96fc466a0dca6e3d9259f5c63d935b',1,'2020-12-14 00:23:51',NULL,NULL,'admin',NULL,0),(65,'店家或管理员修改重量运费模板明细','/freight/shops/{id}/weightItems/{id}',2,'f423f200fed3459d125b2890acae05373d7f36955fa4820bbecdf11ef78c0f13',1,'2020-12-14 00:23:52',NULL,NULL,'admin',NULL,0),(66,'店家或管理员删掉重量运费模板明细','/freight/shops/{id}/weightItems/{id}',3,'9a785ec08923058dfd891860bf7f9c41e7b9b2837dfe6635a7d24cf693dd925f',1,'2020-12-14 00:23:53',NULL,NULL,'admin',NULL,0),(67,'店家或管理员修改件数运费模板明细','/freight/shops/{id}/pieceItems/{id}',2,'1c5e1fabd57990a8df2116a4801823a0e189b32f0c30e517d9083da966503b2a',1,'2020-12-14 00:23:54',NULL,NULL,'admin',NULL,0),(68,'店家或管理员删掉件数运费模板明细','/freight/shops/{id}/pieceItems/{id}',3,'c43d2a8bae7edb490d3ff4118fed9fc3ed3fbd2913a9f59c02abd44f6c7f444c',1,'2020-12-14 00:23:55',NULL,NULL,'admin',NULL,0),(69,'管理员创建退款信息','/shops/{id}/payments/{id}/refunds',1,'56121e3816087bbde92fbc25560f6faac03033903449afdebf7c13688345e885',1,'2020-12-14 00:23:57',NULL,NULL,'admin',NULL,0),(70,'店家新建商品集合','/goods/shops/{id}/goods',1,'a3f04d1a76175f18650fb5842ea9d2f4aaa73af5bef51bae618d01f6b02a00a1',1,'2020-12-14 00:23:58',NULL,NULL,'admin',NULL,0),(71,'上传货品图片','/goods/shops/{id}/draftproducts/{id}/uploadImg',1,'b6a0ea561c3e6391c67d61d933cf4a5a7578607f7bec3009cc5e868b67e420be',1,'2020-12-14 00:23:59',NULL,NULL,'admin',NULL,0),(72,'查看特定商铺的分享活动','/activity/shops/{id}/shareactivities',0,'f514450f77a53156d80972260a9d2d36779b979204586cdcca72ed5840374514',1,'2020-12-14 00:35:27',NULL,NULL,'admin',NULL,0),(73,'店家修改下线态货品信息','/goods/shops/{id}/products/{id}',2,'d6229ee46d83527820e13311c5551d6b5d52d6924081c0ed7d041a93db4fbc44',1,'2020-12-14 00:35:26',NULL,NULL,'admin',NULL,0),(74,'管理员新增商品类目','/shop/shops/{id}/categories/{id}/subcategories',1,'87b39619fb34238aeb425396a8be5f97ebea47531e5a4da2ec3e2a68f0967c1a',1,'2020-12-14 00:35:28',NULL,NULL,'admin',NULL,0),(75,'管理员修改商品类目信息','/shop/shops/{id}/categories/{id}',2,'837ca905d47273f5d7343b64a372a984e3dcd38f8f3ffdb9020b4b57fa6824f6',1,'2020-12-14 00:35:29',NULL,NULL,'admin',NULL,0),(76,'管理员删除商品类目信息','/shop/shops/{id}/categories/{id}',3,'5432b092855310435d74caaadea08be420b384f9683e06f95cad9fc03cf2d755',1,'2020-12-14 00:35:30',NULL,NULL,'admin',NULL,0),(77,'管理员添加新的Product到Goods','/goods/shops/{id}/draftproducts',1,'297d477ab74bd43815516649aa4d1d332b3f2047314da03aed7c988dfdeeb01c',1,'2020-12-14 00:35:31',NULL,NULL,'admin',NULL,0),(78,'店家修改商品集合','/goods/shops/{id}/goods/{id}',2,'0cdbaec8df8f0075f121c08beb1a1bd51754650c7574d57f0181b080874d1335',1,'2020-12-14 00:35:31',NULL,NULL,'admin',NULL,0),(79,'店家物理删除商品集合','/goods/shops/{id}/goods/{id}',3,'ab27d89f082bc0abfca20f4f66af2aa0a216f8f1c030495ebc46d6a08f94920c',1,'2020-12-14 00:35:32',NULL,NULL,'admin',NULL,0),(80,'店家商品上架','/goods/shops/{id}/products/{id}/onshelves',2,'77a98b4b93b6ba24e06a135d9f4bd22f4e17767120d0904b7eef44c8591cf17d',1,'2020-12-14 00:35:33',NULL,NULL,'admin',NULL,0),(81,'店家商品下架','/goods/shops/{id}/products/{id}/offshelves',2,'b15bbeb7e5f8e58194a970c3c04ebab2a6b12362c0022d5358d6c3cb8f945e48',1,'2020-12-14 00:35:34',NULL,NULL,'admin',NULL,0),(82,'管理员新增商品价格和数量','/goods/shops/{id}/products/{id}/onsales',1,'00644e67b70e0736b929634fbfc987b7853fd1457015cc6e2b21d144cb36b8ea',1,'2020-12-14 00:35:35',NULL,NULL,'admin',NULL,0),(83,'管理员查询特定价格浮动的详情','/goods/shops/{id}/onsales/{id}',0,'842ddf2341508f80da6b90f5b5a9eb68046d6577fe47b8140f8055786028f390',1,'2020-12-14 00:35:36',NULL,NULL,'admin',NULL,0),(84,'管理员或店家物理删除审核态的Products','/goods/shops/{id}/draftproducts/{id}',3,'42e5237996163703a815ce333fe919cd85ec972b0e501e5aff2a3ef49fa6ffa9',1,'2020-12-14 00:35:37',NULL,NULL,'admin',NULL,0),(85,'店家修改审核态货品信息','/goods/shops/{id}/draftproducts/{id}',2,'9511c1ca9e4d3aac31e9878738273ba5ae1fa8c210514148232ea0fe7f7ab8f1',1,'2020-12-14 00:35:38',NULL,NULL,'admin',NULL,0),(86,'店家获得商品集合详情','/goods/shops/{id}/goods/{id}',0,'ae57d7e23e459984635a94b6a91daf4afe14881af0a9501270f2c92871aaf2bc',1,'2020-12-14 00:35:38',NULL,NULL,'admin',NULL,0),(87,'查看优惠活动详情','/coupon/shops/{id}/couponactivities/{id}',0,'316b36bfe6b3a4babd24800326e82210598a9cda5a48dfcb727074ac5d41a8e9',1,'2020-12-14 00:35:39',NULL,NULL,'admin',NULL,0),(88,'获得二级分类下的店铺的所有商品','/goods/shops/{did}/categories/{id}/products',1,'62ffedbbd7c3d8035ba14685ba92ccc4d2ebeb23640bd81cf74ec240335ed5ce',1,'2020-12-14 00:35:40',NULL,NULL,'admin',NULL,0),(89,'将SPU移出分类','/shops/{id}/spus/{id}/categories/{id}',3,'151f735236749968b4f6f2e10d19bfa62b40012e123db6daf820798a7714d99d',1,'2020-12-14 00:35:41',NULL,NULL,'admin',NULL,0),(90,'将SPU加入品牌','/shops/{id}/spus/{id}/brands/{id}',1,'915aab4ff03305c040d3fd883262394dada4f16752a8e04501c3623fc633e347',1,'2020-12-14 00:35:42',NULL,NULL,'admin',NULL,0),(91,'将SPU移出品牌','/shops/{id}/spus/{id}/brands/{id}',3,'22c1e8c20230281829ec4c61c41d11368c49e1a114246d2174a5ab390ba71472',1,'2020-12-14 00:35:43',NULL,NULL,'admin',NULL,0),(92,'管理员在已有销售上增加分享','/activity/shops/{id}/onsale/{id}/shareactivities/{id}',1,'f23a8b0cf35813e9ad860d78af063c4380d9d7194ed012abb3b48e389535e63e',1,'2020-12-14 00:36:41',NULL,NULL,'admin',NULL,0),(93,'管理员取消已有销售上的分享','/activity/shops/{id}/onsale/{id}/shareactivities/{id}',3,'134fc3be988d35c3b1b239d3e0a0bcc27f57621a4dd5f967573f19731ee2754a',1,'2020-12-14 00:47:50',NULL,NULL,'admin',NULL,0),(94,'管理员查询商铺的所有状态团购','/activity/shops/{id}/groupons',0,'2d20ee4ecac265cb391784ddcc2ad5edf20c39ab2ee961acb89790e37a3fd844',1,'2020-12-14 00:47:49',NULL,NULL,'admin',NULL,0),(95,'管理员查询商铺的特定预售活动','/activity/shops/{id}/advancesales/{id}',0,'85df67b0af5087315a663763c0ed9ca6c59e7464a688148f7dc0208b68e08d48',1,'2020-12-14 00:47:48',NULL,NULL,'admin',NULL,0),(96,'管理员查询特定商铺所有预售活动','/activity/shops/{id}/advancesales',0,'47bd8cd80183ccf049d9d2f7adbfc9117e4306813652f4d8b01283f3df97ea2d',1,'2020-12-14 00:47:47',NULL,NULL,'admin',NULL,0),(97,'管理员审核评论','/comment/shops/{id}/comments/{id}/confirm',2,'286abe9a0118879e08c83a11dc4eeae181610a6d06da367835f4df0d4c6dc3c4',1,'2020-12-14 00:47:46',NULL,NULL,'admin',NULL,0),(98,'管理员新建己方优惠活动','/coupon/shops/{id}/couponactivities',1,'0be6bacab7c2ea4f4880bfe1861d61879760d7bfbf70bf17cc8f3222ed5a6fdd',1,'2020-12-14 00:47:45',NULL,NULL,'admin',NULL,0),(99,'上传优惠活动图片','/coupon/shops/{id}/couponactivities/{id}/uploadImg',1,'21e5fd65376d465c5c41f9bdbc2b792a1614079cc92e2e3cf0f0a288c2fbd982',1,'2020-12-14 00:47:44',NULL,NULL,'admin',NULL,0),(100,'管理员删除店铺的账户','/shop/shops/{shopId}/accounts/{id}',3,'2bb7a535a6b9018e96a4d30eac6c050ba9648cb05ce89b61c5535362f3fde438',1,'2020-12-14 00:47:43',NULL,NULL,'admin',NULL,0),(101,'管理员修改己方某优惠活动','/coupon/shops/{id}/couponactivities/{id}',2,'b42ed79283b5e05c19f1e06d20ce68cb37f3b5bacde8f28a7b32f3c2b506dd83',1,'2020-12-14 00:47:42',NULL,NULL,'admin',NULL,0),(102,'管理员物理删除己方某优惠活动','/coupon/shops/{id}/couponactivities/{id}',3,'b0f0e3124096bfc181c964c4635b0c73d92f9dc3e628b79f185cba72428fc376',1,'2020-12-14 00:47:42',NULL,NULL,'admin',NULL,0),(103,'管理员为己方某优惠券活动新增限定范围','/coupon/shops/{id}/couponactivities/{id}/onsales/{id}',1,'068b30c86f85b7f864d6190e7c51b1b954c2db366e5e335d41a6653a09b52baf',1,'2020-12-14 00:47:40',NULL,NULL,'admin',NULL,0),(104,'店家删除己方某优惠券活动的某限定范围','/coupon/shops/{id}/coupononsale/{id}',3,'fd002040c16d8e5eabb8bdb03812020fa6ab88b416f08bd1a998fd82f17ca74c',1,'2020-12-14 00:47:39',NULL,NULL,'admin',NULL,0),(105,'上线优惠活动','/coupon/shops/{id}/couponactivities/{id}/online',2,'f54766c70c3b9b962438cd734fd4ad2c8c3213d312420d8d9219f1db13742581',1,'2020-12-14 00:47:38',NULL,NULL,'admin',NULL,0),(106,'下线优惠活动','/coupon/shops/{id}/couponactivities/{id}/offline',2,'bf03b8054ada73a2fd609cf98e7f610c9ba93bf597378b9ee34903526eba0397',1,'2020-12-14 00:47:38',NULL,NULL,'admin',NULL,0),(107,'管理员新增预售','/activity/shops/{id}/products/{id}/advancesales',1,'9e481820e080695bedeeb9dca7ba734274b9c96034ee8d71b1502252298ba533',1,'2020-12-14 00:47:37',NULL,NULL,'admin',NULL,0),(108,'管理员修改预售活动','/activity/shops/{id}/advancesales/{id}',2,'5b82da1c380ec9b8990e6c8f92bd224ca229e0f6aae5a83bde456fa8da44beac',1,'2020-12-14 00:47:36',NULL,NULL,'admin',NULL,0),(109,'管理员删除预售活动，仅在草稿态有效','/activity/shops/{id}/advancesales/{id}',3,'908a2f0dbca4543bd706f2ccd4db07922d84ccd373c4bce91f11d1ed6f8bdea4',1,'2020-12-14 00:47:35',NULL,NULL,'admin',NULL,0),(110,'管理员上线预售活动','/activity/shops/{id}/advancesales/{id}/online',2,'615b60564ad4db3c3d5e242ec817d7203f5ed858a030296ef5bea97869d3a22e',1,'2020-12-14 00:47:34',NULL,NULL,'admin',NULL,0),(111,'管理员下线预售活动','/activity/shops/{id}/advancesales/{id}/offline',2,'59f221f987626e5e0724b1b2a6da24beebf1744fba1fc94d1702d5ae3dadaae0',1,'2020-12-14 00:47:33',NULL,NULL,'admin',NULL,0),(112,'管理员新增团购活动','/activity/shops/{id}/groupons',1,'f193ff991ba9471bb9ddaa3ad851a89048a71b764414824431bb64da646771e8',1,'2020-12-14 00:47:31',NULL,NULL,'admin',NULL,0),(116,'管理员上线团购活动','/activity/shops/{id}/groupons/{id}/online',2,'c47490e14ed14cedf08e0a4c853c6fb6bacce5ac48209c1db069bf150646b905',1,'2020-12-14 00:54:58',NULL,NULL,'admin',NULL,0),(117,'管理员下线团购活动','/activity/shops/{id}/groupons/{id}/offline',2,'0fdcc12c5e2238f8ac2351e6353830bfe8e3c4e11f73ecb789d2e3e9881bfbfa',1,'2020-12-14 00:55:00',NULL,NULL,'admin',NULL,0),(118,'平台管理员封禁买家','/shops/{id}/users/{id}/ban',2,'2309548c555e62773caa6eae804e25b0761f94f6daafbf59c3ea00c5432b32b6',1,'2020-12-14 00:55:03',NULL,NULL,'admin',NULL,0),(119,'平台管理员解禁买家','/shops/{id}/users/{id}/release',2,'9d51f0286cfd53dbcb363c5788c87ccf4ca806c2f46407acc65ed253a67d0e98',1,'2020-12-14 00:55:04',NULL,NULL,'admin',NULL,0),(120,'管理员新增参与团购的商品销售','/activity/shops/{id}/products/{id}/groupons/{id}/onsale',1,'c6c9d05221c7c8d3482b5ef637e46473da8fe1e230a29a8340627d8dd5e716d2',1,'2020-12-15 11:28:18',NULL,NULL,'admin',NULL,0),(121,'管理员查看特定团购详情','/activity/shops/{id}/groupons/{id}',0,'458f4cababb5482324a7b6acf448e3873546771c7167ac4ea7ff47bc69e7600b',1,'2020-12-15 11:28:20',NULL,NULL,'admin',NULL,0),(122,'管理员在地区下新增子地区','/freight/shops/{id}/regions/{id}/subregions',1,'c044e9daec81250fa6934d59efd51080358aa71bd9e819db263c902c32fadbef',1,'2020-12-15 11:28:20',NULL,NULL,'admin',NULL,0),(123,'管理员修改团购活动','/activity/shops/{id}/groupons/{id}',2,'4dbba5f46b2d0cdbec2e25de2b6848f6bd1a34da6f7ba9235aa479e2d8ada32e',1,'2020-12-15 12:30:22',NULL,NULL,'admin',NULL,0),(124,'管理员物理删除团购活动','/activity/shops/{id}/groupons/{id}',3,'7d5d6fa9b2d7cf07133fd7ba7db65e2c8ace1fbd2a90ed0a1cf9a2411e49c574',1,'2020-12-15 12:30:24',NULL,NULL,'admin',NULL,0),(125,'查询新注册用户信息','/privilege/departs/{id}/users/new',0,'10bc93d73aaf4bd8e2bc6967bc088f24ef3d0af7d9cfbe80aeb243eb6ccd7552',1,'2021-12-04 08:24:02',NULL,NULL,'admin',NULL,0),(126,'获得用户的功能角色','/privilege/departs/{id}/users/{id}/baseroles',0,'c5879036f25f638e7c2de1d7fb2940c4c4d2b431f7743df09b00ff61f680c36c',1,'2021-12-04 08:24:02',NULL,NULL,'admin',NULL,0),(127,'管理员审核用户','/privilege/departs/{id}/users/{id}/approve',2,'208c8e53f529a493cddd502b810e6ecbc240e2cf8357d9a13f4d5b7e6010f371',1,'2021-12-04 08:24:03',NULL,NULL,'admin',NULL,0),(128,'查询所有用户代理关系','/privilege/departs/{id}/proxies',0,'9c0a407160ff65813725b1d2e4bb4b54ecac2ad6e68241848f45206449b220ec',1,'2021-12-04 08:24:03',NULL,NULL,'admin',NULL,0),(129,'查看任意用户的角色','/privilege/departs/{id}/users/{id}/roles',0,'fc373d94e4b7b80136703ecd5461acde8f2ee8ab5f25ca9936824e23a37c77ce',1,'2021-12-04 08:24:03',NULL,NULL,'admin',NULL,0),(130,'查询角色中用户','/privilege/departs/{id}/roles/{id}/users',0,'6e8b50e53f5d9e9bc19120a8147d884b70d83dcc972f7aea5fd6e7460ca493a6',1,'2021-12-04 08:24:03',NULL,NULL,'admin',NULL,0),(131,'查询父角色','/privilege/departs/{id}/roles/{id}/parents',0,'c1b8993b3cce0fdfdfd79f0d475df5113c4fa0683e0751a28c498d6c60acb104',1,'2021-12-04 08:24:03',NULL,NULL,'admin',NULL,0),(132,'禁用角色','/privilege/departs/{id}/roles/{id}/forbid',2,'54eec571d83bb0a2f9642db64784121ddb4371bacbbb70aecf015f64382be5f6',1,'2021-12-04 08:24:03',NULL,NULL,'admin',NULL,0),(133,'解禁角色','/privilege/departs/{id}/roles/{id}/release',2,'88ba19b25c5da46cbb4e3df365a5b36a4138204f719fd92dabf9d5894847ce8b',1,'2021-12-04 08:24:03',NULL,NULL,'admin',NULL,0),(134,'设置角色的继承关系','/privilege/departs/{id}/roles/{id}/childroles/{id}',1,'a22e88dfaf3a8ac2d91c9f3b21a80fa9dc2b0f9f49eacd8ef8c27970852f8896',1,'2021-12-04 08:24:03',NULL,NULL,'admin',NULL,0),(135,'查询功能角色权限','/privilege/departs/{id}/baseroles/{id}/privileges:',0,'d35c5a4300e743b639bfd5e1647a4eba844ad7e4d15817f5fb5e96209407ae37',1,'2021-12-04 08:50:55',NULL,NULL,'admin',NULL,0),(136,'新增权限','/privilege/departs/{id}/privileges',1,'293c0f205d965d8c3861e7b7b8eab55ff4c7a09b52b8f8ec3e42cc35b7950e3c',1,'2021-12-04 08:50:55',NULL,NULL,'admin',NULL,0),(137,'查询权限','/privilege/departs/{id}/privileges',0,'aa1212219176eba140be69d1b3b32dc43b11b37a0759a86d3d320a76b406a88b',1,'2021-12-04 08:50:55',NULL,NULL,'admin',NULL,0),(138,'删除权限','/privilege/departs/{id}/privileges/{id}',3,'cbe967893590d17827d58d53c9af60b307641642d689603c4def66a9d2990beb',1,'2021-12-04 08:50:55',NULL,NULL,'admin',NULL,0),(139,'禁用权限','/privilege/departs/{id}/privileges/{id}/forbid',1,'df764826eac2e96f53a8a8faf9bb76936034ea1927d4f58f11b1ec6938ac7b0b',1,'2021-12-04 08:50:55',NULL,NULL,'admin',NULL,0),(140,'解禁权限','/privilege/departs/{id}/privileges/{id}/release',1,'f542bb35901501cce02faa34490721245c048a94b063c3060b4c816bcec6ef6c',1,'2021-12-04 08:50:56',NULL,NULL,'admin',NULL,0),(141,'增加用户组','/privilege/departs/{id}/groups',1,'920ec09eb3e715b6f190aefdd91039b6bb881de05cd8a1377216f96c90fa96a9',1,'2021-12-04 08:50:56',NULL,NULL,'admin',NULL,0),(142,'获得部门的所有用户组','/privilege/departs/{id}/groups',0,'dc0899baed250291d0def5430f56f9ababd0133684ba6fbb2c51f1cf2f661199',1,'2021-12-04 08:50:56',NULL,NULL,'admin',NULL,0),(143,'修改用户组的信息','/privilege/departs/{id}/groups/{id}',2,'e8e9f07778ea53f860031cf6d6e9e0990e745804ac4e9a84c62cd61eaa11b893',1,'2021-12-04 08:50:56',NULL,NULL,'admin',NULL,0),(144,'删除用户组','/privilege/departs/{id}/groups/{id}',3,'2e724f98c5f925203302f538a50b3c02f46ab2e390695e8a6d32d1d56625d1ed',1,'2021-12-04 08:50:56',NULL,NULL,'admin',NULL,0),(145,'增加用户组pid的子用户组sid','/privilege/departs/{id}/groups/{id}/subgroups/{id}',1,'e05ac3b9f8aea7aa31efbad9ea900e22854060029875beb1443c0f33c863b8a2',1,'2021-12-04 08:50:56',NULL,NULL,'admin',NULL,0),(146,'取消用户组pid和用户组sid的父子关系','/privilege/departs/{id}/groups/{id}/subgroups/{id}',3,'8407a318e1abbd41a24bc93e5c9ccb656f23b4bf858d40a4ceacfe18827b6acd',1,'2021-12-04 08:50:56',NULL,NULL,'admin',NULL,0),(147,'禁用用户组','/privilege/departs/{id}/group/{id}/forbid',2,'ea4ba1fb16e8d5c68ff05fdf0db16bb867a22107457fa838d8e0a6ddf98a1a51',1,'2021-12-04 08:50:56',NULL,NULL,'admin',NULL,0),(148,'解禁组','/privilege/departs/{id}/groups/{id}/release',2,'f279d73f8cc8d2ef59c7e5cab3762be38a73e0f45732cff5a1b99b5f009e42d3',1,'2021-12-04 08:50:56',NULL,NULL,'admin',NULL,0),(149,'将用户加入组','/privilege/departs/{id}/groups/{id}/users/{id}',1,'451ffd2cc6466aab75f08caae6256854b251496c20970927ecbd4813c0285c2f',1,'2021-12-04 08:50:56',NULL,NULL,'admin',NULL,0),(150,'将用户剔除出组','/privilege/departs/{id}/groups/{id}/users/{id}',3,'65905fd0baf51fb29dd5e00f18dc5661c497530a44e4f7935138f063752c7c27',1,'2021-12-04 08:50:56',NULL,NULL,'admin',NULL,0),(151,'获得运费模板详情','/freight/shops/{id}/freightmodels/{id}',0,'56843d09ea2e2622e601e9e75fee44866e10486c2af0e9560b71a20fcceb707f',1,'2021-12-04 08:58:31',NULL,NULL,'admin',NULL,0),(152,'店家或管理员查询某个重量运费模板的明细','/freight/shops/{id}/freightmodels/{id}/weightItems',0,'bd5961d0dc4159eab466a55124c1d3321fcf4e5531aa2b4718a2834297d19be3',1,'2021-12-04 08:58:31',NULL,NULL,'admin',NULL,0),(153,'店家或管理员查询件数运费模板的明细','/freight/shops/{id}/freightmodels/{id}/pieceItems',0,'38c0983e58d1ec2d7f6a8c681caf01bb7f8b10c47ba77b8db6ff5cb75f261823',1,'2021-12-04 08:58:31',NULL,NULL,'admin',NULL,0),(154,'管理员查询在地区下的子地区','/freight/shops/{id}/regions/{id}/subregions',0,'eff358f0c28ccc54a9c18b940fa3a4409fd4e13db8adbe345c22010d56b355e0',1,'2021-12-04 09:20:00',NULL,NULL,'admin',NULL,0),(155,'管理员修改某个地区','/freight/shops/{id}/regions/{id}',2,'18479588f02d988cad2498614874c2f6255f2db96f4d883f8923601e13f64613',1,'2021-12-04 13:00:17',NULL,NULL,'admin',NULL,0),(156,'管理员废弃某个地区','/freight/shops/{id}/regions/{id}',3,'3d3a0f5967d19690e1c24221abe36fe5236b407d533fe929a732cda2c51bea37',1,'2021-12-04 13:00:17',NULL,NULL,'admin',NULL,0),(157,'管理员停用某个地区','/freight/shops/{id}/regions/{id}/suspend',2,'34edb1821e4ba7c738dd7398c66cf30b56284c1d6559fda206741d1e709a4009',1,'2021-12-04 13:00:17',NULL,NULL,'admin',NULL,0),(158,'管理员恢复某个地区','/freight/shops/{id}/regions/{id}/resume',2,'542cd3861b431184b361eb647d1aa2d996555a16cfe49a0dab615350cca625ff',1,'2021-12-04 13:00:17',NULL,NULL,'admin',NULL,0),(161,'查看特定分享活动详情','/activity/shops/{id}/shareactivities/{id}',0,'829d3673aef4a3c5c9492a0e9884c8820a407f952f7906d50ca343bc427ace76',1,'2021-12-04 13:18:03',NULL,NULL,'admin',NULL,0),(162,'管理员查看未审核评论列表','/comment/shops/{id}/newcomments/',0,'6f1f3690bfc9efa3f666076ff6e86b9ce3578e5304e6054ec452844c34833b33',1,'2021-12-04 13:18:03',NULL,NULL,'admin',NULL,0),(163,'管理员删除草稿状态的分享活动','/activity/shops/{id}/shareactivities/{id}',3,'4597802c738fe4c050a34c78b5c6552f7ead6f58133aebb0a89b998d9a8e4d7f',1,'2021-12-04 13:18:03',NULL,NULL,'admin',NULL,0),(164,'管理员查看自己审核的评论列表','/comment/shops/{id}/comments/',0,'64101d5f0b0120e4840b9e4be3c53de4e01fbf27bbadbc0bc40a7c514532dfd0',1,'2021-12-04 13:18:03',NULL,NULL,'admin',NULL,0),(165,'查看店铺所有状态的优惠活动列表','/coupon/shops/{id}/couponactivities',0,'d1551f1b7ccb0d4900039b572dce7cc084a63b6560a51822589101330feef6c4',1,'2021-12-04 13:18:03',NULL,NULL,'admin',NULL,0);
/*!40000 ALTER TABLE `auth_privilege` ENABLE KEYS */;
UNLOCK TABLES;

--
-- Dumping data for table `auth_role`
--

LOCK TABLES `auth_role` WRITE;
/*!40000 ALTER TABLE `auth_role` DISABLE KEYS */;
INSERT INTO `auth_role` VALUES (1,'平台超级管理员',NULL,0,1,'2021-12-04 15:34:33',NULL,NULL,NULL,'admin',NULL,0),(2,'店铺1超级管理员',NULL,1,1,'2021-12-04 15:34:33',NULL,NULL,NULL,'admin',NULL,0),(3,'店铺2超级管理员',NULL,2,1,'2021-12-04 15:34:33',NULL,NULL,NULL,'admin',NULL,0),(4,'店铺3超级管理员',NULL,3,1,'2021-12-04 15:34:33',NULL,NULL,NULL,'admin',NULL,0),(5,'店铺5超级管理员',NULL,5,1,'2021-12-04 15:34:33',NULL,NULL,NULL,'admin',NULL,0),(6,'店铺4超级管理员',NULL,4,1,'2021-12-04 15:34:33',NULL,NULL,NULL,'admin',NULL,0),(7,'店铺6超级管理员',NULL,6,1,'2021-12-04 15:34:33',NULL,NULL,NULL,'admin',NULL,0),(8,'店铺7超级管理员',NULL,7,1,'2021-12-04 15:34:33',NULL,NULL,NULL,'admin',NULL,0),(9,'店铺8超级管理员',NULL,8,1,'2021-12-04 15:34:33',NULL,NULL,NULL,'admin',NULL,0),(10,'店铺9超级管理员',NULL,9,1,'2021-12-04 15:34:33',NULL,NULL,NULL,'admin',NULL,0),(11,'店铺10超级管理员',NULL,10,1,'2021-12-04 15:34:33',NULL,NULL,NULL,'admin',NULL,0),(88,'预售管理','预售活动的管理',0,1,'2021-12-04 14:47:26',NULL,NULL,NULL,'admin',NULL,1),(89,'团购管理','团购活动的管理',0,1,'2021-12-04 14:47:26',NULL,NULL,NULL,'admin',NULL,1),(90,'分享管理','分享活动的管理',0,1,'2021-12-04 14:47:26',NULL,NULL,NULL,'admin',NULL,1),(91,'优惠管理','优惠活动的管理',0,1,'2021-12-04 14:47:26',NULL,NULL,NULL,'admin',NULL,1),(92,'商品维护','商品信息的维护',0,1,'2021-12-04 14:47:26',NULL,NULL,NULL,'admin',NULL,1),(93,'商品销售','销售的管理',0,1,'2021-12-04 14:47:26',NULL,NULL,NULL,'admin',NULL,1),(94,'分类管理',NULL,0,1,'2021-12-04 14:47:26',NULL,NULL,NULL,'admin',NULL,1),(95,'店铺管理',NULL,0,1,'2021-12-04 14:47:26',NULL,NULL,NULL,'admin',NULL,1),(96,'运费管理',NULL,0,1,'2021-12-04 14:47:26',NULL,NULL,NULL,'admin',NULL,1),(97,'后台用户管理',NULL,0,1,'2021-12-04 14:47:26',NULL,NULL,NULL,'admin',NULL,1),(98,'部门管理',NULL,0,1,'2021-12-04 14:47:26',NULL,NULL,NULL,'admin',NULL,1),(99,'角色管理',NULL,0,1,'2021-12-04 14:47:26',NULL,NULL,NULL,'admin',NULL,1),(100,'平台权限管理',NULL,0,1,'2021-12-04 14:47:26',NULL,NULL,NULL,'admin',NULL,1),(101,'评论管理',NULL,0,1,'2021-12-04 14:58:32',NULL,NULL,NULL,'admin',NULL,1),(102,'地区管理',NULL,0,1,'2021-12-04 15:01:43',NULL,NULL,NULL,'admin',NULL,1),(103,'平台权限管理',NULL,0,1,'2021-12-04 15:36:43',NULL,NULL,NULL,'admin',NULL,0),(104,'店铺1商品管理',NULL,1,1,'2021-12-04 15:36:43',NULL,NULL,NULL,'admin',NULL,0),(105,'店铺2商品管理',NULL,2,1,'2021-12-04 15:36:43',NULL,NULL,NULL,'admin',NULL,0),(106,'店铺1活动管理',NULL,1,1,'2021-12-04 15:36:43',NULL,NULL,NULL,'admin',NULL,0),(107,'店铺2活动管理',NULL,2,1,'2021-12-04 15:36:43',NULL,NULL,NULL,'admin',NULL,0),(108,'update_role1',NULL,1,1,'2021-12-07 02:43:43',NULL,NULL,NULL,'admin',NULL,0);
/*!40000 ALTER TABLE `auth_role` ENABLE KEYS */;
UNLOCK TABLES;

--
-- Dumping data for table `auth_role_inherited`
--

LOCK TABLES `auth_role_inherited` WRITE;
/*!40000 ALTER TABLE `auth_role_inherited` DISABLE KEYS */;
INSERT INTO `auth_role_inherited` VALUES (1,88,1,'a72b01fda7a1a129e3dc53db69b341bf61bfcbfd23fac1195b73baf1434ebc3c',1,NULL,'2021-12-05 02:47:00',NULL,'admin',NULL),(2,89,1,'3a70e450b5440855717ee18f77dd77361c0c7092092479d2c0d9a5aa93a32311',1,NULL,'2021-12-05 02:47:00',NULL,'admin',NULL),(3,90,1,'db2a3562b00eaff549c15f49f61c7d265b844a975bcb02aa073f92a7740a4e3f',1,NULL,'2021-12-05 02:47:00',NULL,'admin',NULL),(4,91,1,'155fdea88b1735762afc738035526287be5c80b1e59e6b914e89b902a20850bf',1,NULL,'2021-12-05 02:47:00',NULL,'admin',NULL),(5,92,1,'4502a32f41a2a334c4f01235b600a36af2d91b5fb11201e76abd29a6fe5a8746',1,NULL,'2021-12-05 02:47:00',NULL,'admin',NULL),(6,93,1,'0d49c6a540d4ebaec783153221a0539418e36ab306982d8620430cd985715e91',1,NULL,'2021-12-05 02:47:00',NULL,'admin',NULL),(7,94,1,'e3260e21570ecf9f302f0d61689f0b1a6a06888b61664636c3f02e13adb43b49',1,NULL,'2021-12-05 02:47:00',NULL,'admin',NULL),(8,95,1,'dcb396691631e43fb74279f76874685417872b5c9abcc85caf676f75c630879c',1,NULL,'2021-12-05 02:47:00',NULL,'admin',NULL),(9,96,1,'150ad62e30ac19ef0a59bd637abd6e219604afb37c1924bea47b4fa39ba8da6d',1,NULL,'2021-12-05 02:47:00',NULL,'admin',NULL),(10,97,1,'6fdd5c0bc5920d909bbaa5007e29e937ac1c6c78511f346891d909bcbc0a5b2f',1,NULL,'2021-12-05 02:47:00',NULL,'admin',NULL),(11,98,1,'0b786f52e0c9ac8e010865fc69bbe782fb99f0c5640b398331562edc42e07f3a',1,NULL,'2021-12-05 02:47:00',NULL,'admin',NULL),(12,99,1,'ed5e59945567d808a3fb94a6d0cc6dd45b23a6270cc4207c59d92d0ee7099b89',1,NULL,'2021-12-05 02:47:00',NULL,'admin',NULL),(13,100,1,'ad33c06fa0bc69eb786edc96d064754d67d1621134ebecd727e01e6317e534ed',1,NULL,'2021-12-05 02:47:00',NULL,'admin',NULL),(14,101,1,'c90a70e89b9535c336d49670a40d56a0e855832fb7e353a6223ef2eb21ef3004',1,NULL,'2021-12-05 02:47:00',NULL,'admin',NULL),(15,102,1,'3b0351af6115063ce6b64e558e7b39ef274ae5b95a691db55673ee627620c95d',1,NULL,'2021-12-05 02:47:00',NULL,'admin',NULL),(16,88,2,'301f46e8972d00ab0618279869e43f23063c439651d12cf7dbcaf8435d672328',1,NULL,'2021-12-05 02:47:00',NULL,'admin',NULL),(17,89,2,'9bd8061723284971e0fbd7720c231b1a74f6e37db3e63e6b37a70b40cb60c975',1,NULL,'2021-12-05 02:47:00',NULL,'admin',NULL),(18,90,2,'ad743dcb24219b2234134c86bf2ed5dbd27da335eb65c47c8701713d895f2832',1,NULL,'2021-12-05 02:47:00',NULL,'admin',NULL),(19,91,2,'8d58a29e4825bf9abf0a401cd0c8f3473883da56ad20a8651e75abade1302057',1,NULL,'2021-12-05 02:47:00',NULL,'admin',NULL),(20,92,2,'0e09a7734ee89963303bc5ea35e8669fb5eb859104fd67aae9e3875a268961c2',1,NULL,'2021-12-05 02:47:00',NULL,'admin',NULL),(21,93,2,'ef35cc81fb7967c328243637680d4b1eea4a2e6e7a3ca4c498ba3d72b57d87a9',1,NULL,'2021-12-05 02:47:00',NULL,'admin',NULL),(22,94,2,'16373700031e29a9faf2b97064384e3cc3176a7675efa56977810bfd3310d4a3',1,NULL,'2021-12-05 02:47:00',NULL,'admin',NULL),(23,95,2,'e7780ee8537d0371b36f74cf0c6c8a5b8f0be61762949b33e60dd0dd7ac605e8',1,NULL,'2021-12-05 02:47:00',NULL,'admin',NULL),(24,96,2,'93f071fd0987b1fabf309f4790d305c59ef36951e6e0fa162e100aeeed234cd1',1,NULL,'2021-12-05 02:47:00',NULL,'admin',NULL),(25,97,2,'eca57c80fba087293fbec75ed9540b78fee0796a41dfc06e1e9668b097c817bb',1,NULL,'2021-12-05 02:47:00',NULL,'admin',NULL),(26,98,2,'74f4554e202691485d069cf4ad726fa80c1209b7a2dc6413d0bf6eb369b6a0e6',1,NULL,'2021-12-05 02:47:00',NULL,'admin',NULL),(27,99,2,'2fe8c233a3f9c7cfb2072733f46057227959ada35bc31c6717644bad73e9cba7',1,NULL,'2021-12-05 02:47:00',NULL,'admin',NULL),(28,100,2,'b314b8ec94f64799951dac2223b491e57b076a0ff5acbe3c56bcedcc890da417',1,NULL,'2021-12-05 02:47:00',NULL,'admin',NULL),(29,101,2,'d2b07d82782e155ace59d039ca10bde9599b2238965289f672042067af37864e',1,NULL,'2021-12-05 02:47:00',NULL,'admin',NULL),(30,102,2,'c3f90360768627ae6b0d7345e1ed8469f04c4821590f98ab58b49de1ab476116',1,NULL,'2021-12-05 02:47:00',NULL,'admin',NULL),(31,88,3,'61bd3d73e0128a20d653b46b856c57fa2459929f86456fb6321bb1c1f9a342e0',1,NULL,'2021-12-05 02:47:00',NULL,'admin',NULL),(32,89,3,'d7afca8c16e517e98e59882f1da889367e4289f6300f56869d1c5297219b401d',1,NULL,'2021-12-05 02:47:00',NULL,'admin',NULL),(33,90,3,'fa45fbe5cf1e5199ce82d91e0cd90da18120c26564e9aa1fc7cdc413bce2d5c6',1,NULL,'2021-12-05 02:47:00',NULL,'admin',NULL),(34,91,3,'0025db382fba2f311b915fc0dde83495c79f82b165c57a4668935a8328f05af0',1,NULL,'2021-12-05 02:47:00',NULL,'admin',NULL),(35,92,3,'534ef1838df2089ade589e56092473378476cb0733125bf7d8b0447e7d84dd59',1,NULL,'2021-12-05 02:47:00',NULL,'admin',NULL),(36,93,3,'05a4080306168c8751a022ec6b334a1d955d7fa1f462a4f14f249a691fc9d123',1,NULL,'2021-12-05 02:47:00',NULL,'admin',NULL),(37,94,3,'47a7bbe1b9b69c57cd7364aa593fee578e5b277bec7b41ee0237279b9a6fb843',1,NULL,'2021-12-05 02:47:00',NULL,'admin',NULL),(38,95,3,'ac1d76cec6e7ff65cefdbdb7de85967ce8b88c242c8d2240c84a5e8b9c23bc05',1,NULL,'2021-12-05 02:47:00',NULL,'admin',NULL),(39,96,3,'5f4b6928cf060bba6b7385b2c368c23ad70d9dea50eeba66bc9e7194dd71c8fb',1,NULL,'2021-12-05 02:47:00',NULL,'admin',NULL),(40,97,3,'cfabec6adfb7044f60563ef2fcd7dda5f4cbb007ee59d657ca2f20f7a1399dfc',1,NULL,'2021-12-05 02:47:00',NULL,'admin',NULL),(41,98,3,'2f2d118ac09b8ea4ba88792b5cf4cb381b48833be8ff67a35a1cb7841d6e62d8',1,NULL,'2021-12-05 02:47:00',NULL,'admin',NULL),(42,99,3,'2dec94fc506f965e9ae87b77dd179a59613ac19da0a4cbd6236a4200c6938109',1,NULL,'2021-12-05 02:47:00',NULL,'admin',NULL),(43,100,3,'315559d87be73929db2c882a0a8a28ff85ffc11d3b1269b9602dbeb643f79d8d',1,NULL,'2021-12-05 02:47:00',NULL,'admin',NULL),(44,101,3,'8e2b863ae81c563eff58c5e35492b975a8c8fabb856a24d0e509bda7bd55be32',1,NULL,'2021-12-05 02:47:00',NULL,'admin',NULL),(45,102,3,'6e8d946339805f17c9320abb035187f2120f096c32cdf37050600ba706b7fabb',1,NULL,'2021-12-05 02:47:00',NULL,'admin',NULL),(46,88,4,'5c283376349eb5c4b0d83b3db347eb350186af4d552f65a9e66e5726b793bb55',1,NULL,'2021-12-05 02:47:00',NULL,'admin',NULL),(47,89,4,'be906b475104300fe95c2f2e505c96c97ef39acef70699f370af62cc309da47f',1,NULL,'2021-12-05 02:47:00',NULL,'admin',NULL),(48,90,4,'b6b14f069e83a758673a2ba0f1b7fcc9a880885b57085a9e208efe8cab872b99',1,NULL,'2021-12-05 02:47:00',NULL,'admin',NULL),(49,91,4,'0aa3bee8107e1634b255ddc674bf34f3dc3bb794ba07c5acb8f91b2d8bcda8ee',1,NULL,'2021-12-05 02:47:00',NULL,'admin',NULL),(50,92,4,'c537f8afa9e141e08797d5352018233dbe2b3161b74fd030d2acd80ddb8207de',1,NULL,'2021-12-05 02:47:00',NULL,'admin',NULL),(51,93,4,'feb19996ab62d138bce35823a88c44cf63ba1bf5b64e4de262570b0c6fa0d0d4',1,NULL,'2021-12-05 02:47:00',NULL,'admin',NULL),(52,94,4,'9a09c2f7ef539ef31b951b6adedd4be072e3cfcbdd6f18ba181663e0172a7d8e',1,NULL,'2021-12-05 02:47:00',NULL,'admin',NULL),(53,95,4,'bdd496033e295266665b2fb8c999b39413f792298443ddcc748d29c6c111c8c3',1,NULL,'2021-12-05 02:47:00',NULL,'admin',NULL),(54,96,4,'7c38ad86476fff097a208cc6c0d7c4fd81a84c13aec7693ff121b4d89481003b',1,NULL,'2021-12-05 02:47:00',NULL,'admin',NULL),(55,97,4,'e9748e6748e0f05ef7814bb7abb0338447d7edaebdc0daa4a95a67843b80fe3a',1,NULL,'2021-12-05 02:47:00',NULL,'admin',NULL),(56,98,4,'b2c4e38e22f46f4c5f0c2ba8330dbe1551144cd1f460b39aa39ad1eaa185af42',1,NULL,'2021-12-05 02:47:00',NULL,'admin',NULL),(57,99,4,'e717103e0f8d0ae9ef916fb11467931eb79c8c25a67480647328b0131a22a5ed',1,NULL,'2021-12-05 02:47:00',NULL,'admin',NULL),(58,100,4,'51fbfca1dd4459b636d831ecc02933076d287bf4ebfdbae8db710e1539fb3565',1,NULL,'2021-12-05 02:47:00',NULL,'admin',NULL),(59,101,4,'d8b5dbc73c68d3dcf202e9a23fb8defbe61adcd61c1d534bc28ade113330b993',1,NULL,'2021-12-05 02:47:00',NULL,'admin',NULL),(60,102,4,'372e092b3e86ae30e7e48853ae8021863ca3d91bb9a172c2a1178940a09cc8e4',1,NULL,'2021-12-05 02:47:00',NULL,'admin',NULL),(61,88,5,'2c3f7fce2557acf5668c320cea52266483cf6ce74870afa3445f0021d274889a',1,NULL,'2021-12-05 02:47:00',NULL,'admin',NULL),(62,89,5,'5deffd3ad4d66479bc768545a323d24ce242f085edc10526d628b3482be325af',1,NULL,'2021-12-05 02:47:00',NULL,'admin',NULL),(63,90,5,'fafcdf7fbf44b6ce51762ab66d340b463f1be9f06691898fde0bd80c337baa29',1,NULL,'2021-12-05 02:47:00',NULL,'admin',NULL),(64,91,5,'da24246b06f394c08edff3bedab3786efb229cdd560eb9b96db21986552a6404',1,NULL,'2021-12-05 02:47:00',NULL,'admin',NULL),(65,92,5,'22e3f0a7d0672e3cfad480ddb428393c71db984cfaf6c8ff4938f48a0ad6450a',1,NULL,'2021-12-05 02:47:00',NULL,'admin',NULL),(66,93,5,'bf7d203e6190a7064e33a69bc74535eb77b31c1eb83c952d7dc62174c45b90d1',1,NULL,'2021-12-05 02:47:00',NULL,'admin',NULL),(67,94,5,'dc337e9090abf5a40a1bce153de9fafc06241ceeb667c79aae6d54e05cd1a1f9',1,NULL,'2021-12-05 02:47:00',NULL,'admin',NULL),(68,95,5,'1ed6830b751c4ed28f5620281492becf1e3364a4d1c5acadd97494e4e1f6f9ad',1,NULL,'2021-12-05 02:47:00',NULL,'admin',NULL),(69,96,5,'2659d8117af8a8586bf49445b4a49882dcdf04c968074cfb050813380ad94a16',1,NULL,'2021-12-05 02:47:00',NULL,'admin',NULL),(70,97,5,'906784d7a6a653b7756fe8e5b2580242ba02197bf28abb1ca624de0e9ee1a547',1,NULL,'2021-12-05 02:47:00',NULL,'admin',NULL),(71,98,5,'60eb722fbd12d127b7fa3bb6702a9ac9c4edaf2c995ed12f733e45207a9b4c0c',1,NULL,'2021-12-05 02:47:00',NULL,'admin',NULL),(72,99,5,'faadef7d09937d2c1f16ced92480841342af80f9d26c971119e0c2219a51c20f',1,NULL,'2021-12-05 02:47:00',NULL,'admin',NULL),(73,100,5,'91f03a4f71e8b77fb7348b17137e479a157f9eaeaefbd789b74432f4ab976113',1,NULL,'2021-12-05 02:47:00',NULL,'admin',NULL),(74,101,5,'0fc7081a5d4a6efb6c6d87c34b2d62a78af31488a48dfe80cd2fcc6917e23655',1,NULL,'2021-12-05 02:47:00',NULL,'admin',NULL),(75,102,5,'5d1c77326ecb51dffcc0b545bc305bb0a5ebdca55f7857fa53056bb337f1857a',1,NULL,'2021-12-05 02:47:00',NULL,'admin',NULL),(76,88,6,'a6e7babd495c9b949217a9dd50e1118eff38d4c4c283b728668728d7891fa6fc',1,NULL,'2021-12-05 02:47:00',NULL,'admin',NULL),(77,89,6,'9bc471434439b4cd51484df0aafa4047577f377bf33f2ce158e72e6dd3645ec1',1,NULL,'2021-12-05 02:47:00',NULL,'admin',NULL),(78,90,6,'387839a7cebd25187b5b4d6e6042144451f489e1e514194a6e06769d52782c51',1,NULL,'2021-12-05 02:47:00',NULL,'admin',NULL),(79,91,6,'18f253fa6456fd4cbdde4f9e4926abef6294c2210a65da7ae19acf6f0c3bcf70',1,NULL,'2021-12-05 02:47:00',NULL,'admin',NULL),(80,92,6,'d959b9be2c08acff2f7af29d5afc96a8c235d0a9d9827be8665232cb15723a8a',1,NULL,'2021-12-05 02:47:00',NULL,'admin',NULL),(81,93,6,'411879e4b4b0c7b9038dcc0077cb2966d97c82afceadc520286bb08d909ea73a',1,NULL,'2021-12-05 02:47:00',NULL,'admin',NULL),(82,94,6,'8489a58c489d4883d314bb17f315a3e4671e1842ac2b25aa696b0a6a9a5dd70d',1,NULL,'2021-12-05 02:47:00',NULL,'admin',NULL),(83,95,6,'e64cd648bd9d913d06df6d38f9c349572008876aeb3e3321e8da8b9fb18486be',1,NULL,'2021-12-05 02:47:00',NULL,'admin',NULL),(84,96,6,'844fc774b92eb69a3a015341eb90be69e9d80a14a9983f8da61a631bd8fa169f',1,NULL,'2021-12-05 02:47:00',NULL,'admin',NULL),(85,97,6,'6e71acc3a00347ecbc6a94de99df4912a9cf2f2bcf657e06702fc42f00a7cbbe',1,NULL,'2021-12-05 02:47:00',NULL,'admin',NULL),(86,98,6,'31ff4ff6dba8d40f7efa12ebca1498888ba068e9c1d960414dc3f8cd0bee2fd8',1,NULL,'2021-12-05 02:47:00',NULL,'admin',NULL),(87,99,6,'8c560a369a6baf0d80c97237a4ee4449479b3d50fcdb8ce461cecef5197f67b7',1,NULL,'2021-12-05 02:47:00',NULL,'admin',NULL),(88,100,6,'104f38fdee35ae51ceedc869cb0aa3f9b58fb0cc6f23f4d0b0caf750b8b220ac',1,NULL,'2021-12-05 02:47:00',NULL,'admin',NULL),(89,101,6,'1b2f4d5ed70f81955e6a9c053d676e8186d9895c2de0cf25c4a7f2d1d152d476',1,NULL,'2021-12-05 02:47:00',NULL,'admin',NULL),(90,102,6,'b6738b8edae8a5c46fd38cbfd01685d61dc8420fa087e704fcb894ec79319e23',1,NULL,'2021-12-05 02:47:00',NULL,'admin',NULL),(91,88,7,'b7e00d258b7bcc999ccc1dfd3bad2f8dc90bb406965e225526110d4fb3566819',1,NULL,'2021-12-05 02:47:00',NULL,'admin',NULL),(92,89,7,'3b590e931fa04fb44d2dad3bd8e5637b696ab79acde6ddfebc73346a986c9ecf',1,NULL,'2021-12-05 02:47:00',NULL,'admin',NULL),(93,90,7,'33c3bb8ff339c9b11fe771c6eff2076681a9c8e46d5db7ae9b5ef592c050438a',1,NULL,'2021-12-05 02:47:00',NULL,'admin',NULL),(94,91,7,'240c0109dfd62f71559057486f86e088c9734afe409a26f2c232c8b3a090fbbf',1,NULL,'2021-12-05 02:47:00',NULL,'admin',NULL),(95,92,7,'6c25893f5ba8226c69524e1ea5b8ac39e2c7223c0adfdb0835746a256129ad8d',1,NULL,'2021-12-05 02:47:00',NULL,'admin',NULL),(96,93,7,'7220596dde34726c68a3dd292da3d8a4a6cbf1646cd25b2fa04f624ea8ba58fb',1,NULL,'2021-12-05 02:47:00',NULL,'admin',NULL),(97,94,7,'8963750952e44a1b443fac63be5e9784dad99acbb53f54e543f7679799b60a18',1,NULL,'2021-12-05 02:47:00',NULL,'admin',NULL),(98,95,7,'fc691f433eb8d3d3a0c15b7f4434b248fd1c8a78b301eaac7a3645954afef793',1,NULL,'2021-12-05 02:47:00',NULL,'admin',NULL),(99,96,7,'1e596115b04998784cf195b695eb77980a3baee23973d60b4ee045d4836f0c19',1,NULL,'2021-12-05 02:47:00',NULL,'admin',NULL),(100,97,7,'431c6a702830f979c6293199d84c6f2f3cae29c42e84128b01a5a4d886175a33',1,NULL,'2021-12-05 02:47:00',NULL,'admin',NULL),(101,98,7,'11f9395dc9bcb40d727d64f6eab2d3278fe8e064d78b65986162839bc8e09c24',1,NULL,'2021-12-05 02:47:00',NULL,'admin',NULL),(102,99,7,'f79860fe6f550dff1df8a516d46593c2ce486f54a01800eb7f8bdb7f19aef2e2',1,NULL,'2021-12-05 02:47:00',NULL,'admin',NULL),(103,100,7,'bc78d940fd51e299db1190d4ede91de85d880254b2402464492fc7820c312c23',1,NULL,'2021-12-05 02:47:00',NULL,'admin',NULL),(104,101,7,'8d0dc333b42c3507a20de37900e17cffdb01345892b3b0c0ed4cc35db2005687',1,NULL,'2021-12-05 02:47:00',NULL,'admin',NULL),(105,102,7,'f5e25b0c1c30e771fdec28f5a27d9f27f9cb8dcc0f5203d4d8fb2de1422913bd',1,NULL,'2021-12-05 02:47:00',NULL,'admin',NULL),(106,88,8,'9c3d0d830776266cd8f2f8be79ab7bc1e010abc4e39d17115e71b39ee65d88b7',1,NULL,'2021-12-05 02:47:00',NULL,'admin',NULL),(107,89,8,'ea73434fb4403d0b6b4cd6612359e16605ca9b67c63caffc0fadfc1c13a7b767',1,NULL,'2021-12-05 02:47:00',NULL,'admin',NULL),(108,90,8,'02c10b79469519bc9a6118b5d7e921776a9c29abc455c4c6d40893ebc33097b7',1,NULL,'2021-12-05 02:47:00',NULL,'admin',NULL),(109,91,8,'3cb241b410f65008e69d4a485e3bdd17332e13a4fd4ddd6449393fd47d96bdb6',1,NULL,'2021-12-05 02:47:00',NULL,'admin',NULL),(110,92,8,'c21fd1a3b6280e1962ae7f082452bb5109ee3a6c593ab3b93687957c166f30d2',1,NULL,'2021-12-05 02:47:00',NULL,'admin',NULL),(111,93,8,'69f46014d43721a53741d545af6a644eb51be246a856a0e0657f886e20fe05c0',1,NULL,'2021-12-05 02:47:00',NULL,'admin',NULL),(112,94,8,'7a9da3c6a5f155af7f4b8919ada913204d987fb735ef8c76551b2b185ad13089',1,NULL,'2021-12-05 02:47:00',NULL,'admin',NULL),(113,95,8,'31a3412e86c71144929939d3c565907f55e36ee55b184ee4f6792eeaef88ef0d',1,NULL,'2021-12-05 02:47:00',NULL,'admin',NULL),(114,96,8,'219752976869962539eb3c534a7a7b3064cf0e56fe869bc2d56dbd994f3b4e5a',1,NULL,'2021-12-05 02:47:00',NULL,'admin',NULL),(115,97,8,'50fd7bdf1f5bb1db7815109adb40669cfc9ea07407b095f251e50ed00cb800fc',1,NULL,'2021-12-05 02:47:00',NULL,'admin',NULL),(116,98,8,'c9734d22c1a174f1f23114e97a98669f5d916724b025725074f831f91dc006b7',1,NULL,'2021-12-05 02:47:00',NULL,'admin',NULL),(117,99,8,'a0ea2fbf4318ae87e28f85e0d9e4ff1036fceb77d9c5686e45dfa9e0e45acb88',1,NULL,'2021-12-05 02:47:00',NULL,'admin',NULL),(118,100,8,'946ed2e8feac9de54259dd3da17b89689a438d15d78502354fd40930c7bd2e7d',1,NULL,'2021-12-05 02:47:00',NULL,'admin',NULL),(119,101,8,'b39fe2163a1822f3e72104da462287402d96180097d0b452e364b5572910d052',1,NULL,'2021-12-05 02:47:00',NULL,'admin',NULL),(120,102,8,'1c3e5536369d4c72551808458610e2f9240dd130d223f35fab540be86e063a12',1,NULL,'2021-12-05 02:47:00',NULL,'admin',NULL),(121,88,9,'5e51066def9fdf124879389ef8bd0d658ffeec02bee32084b9e131d9b853800c',1,NULL,'2021-12-05 02:47:00',NULL,'admin',NULL),(122,89,9,'f8f4baa31b60b9f5c8d005946b5df039f426c10391ae3825d34e12b0b4c96d9c',1,NULL,'2021-12-05 02:47:00',NULL,'admin',NULL),(123,90,9,'0feb285ff41734e63455cd03ab29ab37a8a167847f4a1f91fef8221e6eb56548',1,NULL,'2021-12-05 02:47:00',NULL,'admin',NULL),(124,91,9,'5823ca888123700f105a1f49faddafe0a2abc6aad09f743fe96ef242034e4d6b',1,NULL,'2021-12-05 02:47:00',NULL,'admin',NULL),(125,92,9,'e161a25cbf977e69464d5946c22176f44d0d012abca534ac34cb5595d5c27af5',1,NULL,'2021-12-05 02:47:00',NULL,'admin',NULL),(126,93,9,'f60aaf727407f615c50bd8479bffb03883894bb5649c551a7d2777b3fd1c384c',1,NULL,'2021-12-05 02:47:00',NULL,'admin',NULL),(127,94,9,'9c9bc71a768dd2672489909f953e181e3b5a0e6a383cc4550e634ff352962258',1,NULL,'2021-12-05 02:47:00',NULL,'admin',NULL),(128,95,9,'fff38e86826e2664c204d39514a0c1b52df23ee8f713419e6a6d32d78b50cdb1',1,NULL,'2021-12-05 02:47:00',NULL,'admin',NULL),(129,96,9,'f47c5cb88419dd0b53911017b26f49f7b29927c21f3c060f3c8c00b133f928ed',1,NULL,'2021-12-05 02:47:00',NULL,'admin',NULL),(130,97,9,'3fd11177eafa0eb01af76c0d78f3670778a80c4744b5d8429b1e83f4aaac2af6',1,NULL,'2021-12-05 02:47:00',NULL,'admin',NULL),(131,98,9,'ede4cbb35a4b28a851bbc0635a621eed165517c14550194c03886db084ab1bcb',1,NULL,'2021-12-05 02:47:00',NULL,'admin',NULL),(132,99,9,'30db4b144371f43c52f8bcd9b4d601ba6e515b94ae4ab6d6bd99b24d7a3ddb2d',1,NULL,'2021-12-05 02:47:00',NULL,'admin',NULL),(133,100,9,'74be57b42d41aef9fc87ba03be2dd2c0f49e92ea6e84288174eead745dc95f31',1,NULL,'2021-12-05 02:47:00',NULL,'admin',NULL),(134,101,9,'1d655a7d94927c7c558d7f00beea0eea7b948a1cc93692ed614c0d2140726864',1,NULL,'2021-12-05 02:47:00',NULL,'admin',NULL),(135,102,9,'d86154587be323701aadbd1df55dbb7ebd993eaca099ebba9d44d69771579348',1,NULL,'2021-12-05 02:47:00',NULL,'admin',NULL),(136,88,11,'0cebdc7aa35eaded0de99e996dd5de4cfb6c2120e903cd31dea21c92b6e6eacd',1,NULL,'2021-12-05 02:47:00',NULL,'admin',NULL),(137,89,11,'60c5ef2a4fc2f400197a74c46dc4f5d47098b7ba96ea0bdf38c15159f7fde0f7',1,NULL,'2021-12-05 02:47:00',NULL,'admin',NULL),(138,90,11,'f94077e31deca6b4710894e91d43dfc9262c93ed7b5edd4048818735addf20fb',1,NULL,'2021-12-05 02:47:00',NULL,'admin',NULL),(139,91,11,'00ce2d92ddb5e65be1d4d834873ce0b262c04f91d10f60c5063a94d769f3bdc4',1,NULL,'2021-12-05 02:47:00',NULL,'admin',NULL),(140,92,11,'8739536a5ae0ded22175b89d88362d5e9eb505cdfcd295dfd4ff0b9252501eb7',1,NULL,'2021-12-05 02:47:00',NULL,'admin',NULL),(141,93,11,'241f0efcd6aad33f880d196b384ac94517931450a54a28775bab2c7863fd5694',1,NULL,'2021-12-05 02:47:00',NULL,'admin',NULL),(142,94,11,'d19990dede085e8a0e1fd2ed75bebdd78d2ff66dc91faca491fea7b2edb4be7c',1,NULL,'2021-12-05 02:47:00',NULL,'admin',NULL),(143,95,11,'bbe6879dfc0ea322f0de68babd28207cceba796fa4725be0ca58dd38e63ff036',1,NULL,'2021-12-05 02:47:00',NULL,'admin',NULL),(144,96,11,'8e4a1ecab8ea802a43817eec7aa783d148d1bdd0d85c0f6707a0801180531773',1,NULL,'2021-12-05 02:47:00',NULL,'admin',NULL),(145,97,11,'7a1ca2c4b522baacc9d4271579b63448fb8f57c97b8e293c12bba6cdf0954a0b',1,NULL,'2021-12-05 02:47:00',NULL,'admin',NULL),(146,98,11,'85510117d533d174e9dafdfef6e862015adefb38660d88e7f32d692f1bc4181d',1,NULL,'2021-12-05 02:47:00',NULL,'admin',NULL),(147,99,11,'0898d64a268887a116c468f1e1082befec50fcced607563e79b61a635ac8504f',1,NULL,'2021-12-05 02:47:00',NULL,'admin',NULL),(148,100,11,'a35e9d2c35a13c05945cf4f72eecefe82992884811a4c0f9a979cc6f43a0dd1e',1,NULL,'2021-12-05 02:47:00',NULL,'admin',NULL),(149,101,11,'d8ec65fb53e3c56a69147a2d94253cbf829f7b3f0251ea9c5a90a29b03bb5b7e',1,NULL,'2021-12-05 02:47:00',NULL,'admin',NULL),(150,102,11,'21c40d8cac2e9bdecd441f2412b7699e64b99e537be207a7410a287391155a2a',1,NULL,'2021-12-05 02:47:00',NULL,'admin',NULL),(151,92,104,'d8dde9f46e979de05ada2469c0b0553de77a6f1d40cbcfd508291f8213e0f4bf',1,NULL,'2021-12-05 02:47:00',NULL,'admin',NULL),(152,93,104,'8d2059913e506d410db56127af1be72c4e91c4d62af52de826b90f60ce7a3a06',1,NULL,'2021-12-05 02:47:00',NULL,'admin',NULL),(154,92,105,'82688fe2cda35da23f097d4a504641f200f5369a75b1bb502d6aa3b107dc5500',1,NULL,'2021-12-05 02:47:00',NULL,'admin',NULL),(155,93,105,'449b14fe3a8eab6dcd7a8a34097b82fa94dac591c6798f33221afdfa64acdb57',1,NULL,'2021-12-05 02:47:00',NULL,'admin',NULL),(157,88,106,'0e1e74e09e6d0f824b3bfeea5650b17571a19c45c998d45209ed4997d7c62a6b',1,NULL,'2021-12-05 02:47:00',NULL,'admin',NULL),(158,89,106,'87e00df97980947817cb30eb9d27c9786548cd7497303d57c52dcbeb8dce3f06',1,NULL,'2021-12-05 02:47:00',NULL,'admin',NULL),(159,90,106,'72721f95dc4b5cf260110c58f2d8901b71602ab8971f51f3abfd68381a63ba76',1,NULL,'2021-12-05 02:47:00',NULL,'admin',NULL),(160,91,106,'5a568f67eeb49dfcee6386bbe37dbd4aa5c4d32e7aa668e5a98e82e530a74efe',1,NULL,'2021-12-05 02:47:00',NULL,'admin',NULL),(164,88,107,'1df4607a51943110ab50c3f42f1f343fae56e6b05e2ba19b22b5aeb90b2a51ae',1,NULL,'2021-12-05 02:47:00',NULL,'admin',NULL),(165,89,107,'dc6c8ed5b00012cc05000959bcef942c3466497933fb452db4155bb355b9138d',1,NULL,'2021-12-05 02:47:00',NULL,'admin',NULL),(166,90,107,'a71de93eb40c66280498a15973cb7b9dd8dbee83967099471f4e95d2abce3ae7',1,NULL,'2021-12-05 02:47:00',NULL,'admin',NULL),(167,91,107,'26ea2f9455284334bd85ea0180f4001c73f124ab33a86b2a08517a2817c6d60a',1,NULL,'2021-12-05 02:47:00',NULL,'admin',NULL);
/*!40000 ALTER TABLE `auth_role_inherited` ENABLE KEYS */;
UNLOCK TABLES;

--
-- Dumping data for table `auth_role_privilege`
--

LOCK TABLES `auth_role_privilege` WRITE;
/*!40000 ALTER TABLE `auth_role_privilege` DISABLE KEYS */;
INSERT INTO `auth_role_privilege` VALUES (146,88,96,'1fa3de9ba5a0f42201e5bad703a252fdb107075fd0f0e11aa96fe12d242113d3',1,'2021-12-04 14:53:34',NULL,NULL,'admin',NULL),(147,88,95,'ebabe951737caf0ec8a2a7d2b3fcdf6dcf78d227d228d4cb5f2a1065e68d42d5',1,'2021-12-04 14:53:34',NULL,NULL,'admin',NULL),(148,88,108,'b2b5b0558ed1559343a36838f452e532b54ec000c1719b6cd210b9cf94b0cea9',1,'2021-12-04 14:53:34',NULL,NULL,'admin',NULL),(149,88,109,'10ff1807483656c1fd820f0dec4d88f38216073a619091b2567c2badcefc8c3a',1,'2021-12-04 14:53:34',NULL,NULL,'admin',NULL),(150,88,111,'38c30fca957bac273a0d189d9c2ffa68a6a87e39505d00b74cf2fb09e673e14a',1,'2021-12-04 14:53:34',NULL,NULL,'admin',NULL),(151,88,110,'6cda0602e3fbf093a0901b14a51d8fbd48ca6706fedce8a9e381b9a79ef8f5eb',1,'2021-12-04 14:53:34',NULL,NULL,'admin',NULL),(152,88,107,'1df4607a51943110ab50c3f42f1f343fae56e6b05e2ba19b22b5aeb90b2a51ae',1,'2021-12-04 14:53:34',NULL,NULL,'admin',NULL),(153,89,94,'a99c3c44f8e37c8fe904db7882814169d04b9838c7b556093632848f558f9ae9',1,'2021-12-04 14:54:48',NULL,NULL,'admin',NULL),(154,89,112,'2d3ff16ca66265de13d8df3c6c0beba16a4c1b4dd7e92e0d12134190a439add6',1,'2021-12-04 14:54:48',NULL,NULL,'admin',NULL),(155,89,121,'54ac01aa1530a629ef6dee5191946fa4ce5788558e1c417ed8e243ce85ffa794',1,'2021-12-04 14:54:48',NULL,NULL,'admin',NULL),(156,89,123,'5a21dd0bc80bfedf02c1c5227e221865e91933463aa5931931bf22b12f3c155f',1,'2021-12-04 14:54:48',NULL,NULL,'admin',NULL),(157,89,124,'ef597d9adae0c1243630d33d866d174bacb2fd8fc7063ce5c07eb0cc91ce848d',1,'2021-12-04 14:54:48',NULL,NULL,'admin',NULL),(158,89,117,'1cb081ea27bea8a1ccfae8da7500cd67d70284ed440a4c125eaee0c6664855fe',1,'2021-12-04 14:54:48',NULL,NULL,'admin',NULL),(159,89,116,'e135a0781d577cf32717eeb272c93176bf4407d42c4d9d96eefc5bef16da9a58',1,'2021-12-04 14:54:48',NULL,NULL,'admin',NULL),(160,89,120,'2c3a61091b1eba7e699478afff446c2e08501f050ee6e0f42b5e787fbd225195',1,'2021-12-04 14:54:48',NULL,NULL,'admin',NULL),(168,90,92,'dbeda1eb0961fdb518f64ec124e2800f91402c664691ff2a759c72b096166972',1,'2021-12-04 14:55:38',NULL,NULL,'admin',NULL),(169,90,93,'b8e680027d7b657a7d3a369fea6d9dd65ef8ddf321aa5dc195941de4d983517b',1,'2021-12-04 14:55:38',NULL,NULL,'admin',NULL),(170,90,72,'40ca708f1d7e400ddd020f283204806adfb7c708ceeb613412d948fbec31fb5f',1,'2021-12-04 14:55:38',NULL,NULL,'admin',NULL),(171,90,161,'14a81444d01cea0fd75ac23f312fc53b854ae0fc251d1eb2e7413238068a518b',1,'2021-12-04 14:55:38',NULL,NULL,'admin',NULL),(172,90,163,'0d92c7e1aae78a6165f3092eea3485d1cf5ea11cf6ac7d104069dd8546ec0620',1,'2021-12-04 14:55:38',NULL,NULL,'admin',NULL),(173,90,48,'80d4afe2290fab54434013380f6dec38276552bc77d43a215ec4ebed02f73e0e',1,'2021-12-04 14:55:38',NULL,NULL,'admin',NULL),(174,90,49,'f22e921a1e0083765525fb14592097e30e54cdb020e2a3e80dca65181bad5678',1,'2021-12-04 14:55:38',NULL,NULL,'admin',NULL),(175,90,50,'221bbfb7af81fe962b398cc6db0f62ae1252626ff903fd79191a61c14f98ca88',1,'2021-12-04 14:55:38',NULL,NULL,'admin',NULL),(176,90,51,'657a93f71279de33b42963fae7df371e1854769105e07bd827edc8cb1ec35f7a',1,'2021-12-04 14:55:38',NULL,NULL,'admin',NULL),(183,91,165,'42a01e1cdb78b56ddf0d1316daf81a34d2cf7e3c61aec24592aca71839a62f8b',1,'2021-12-04 14:56:27',NULL,NULL,'admin',NULL),(184,91,98,'910df5790f4e6c029fb020bfcebb27407168f37eaf04573949f09e8acff84c59',1,'2021-12-04 14:56:27',NULL,NULL,'admin',NULL),(185,91,87,'01b6d588fed29828832eddd3f1032e8e0c0d8b11e944f851701c4e871a73141d',1,'2021-12-04 14:56:27',NULL,NULL,'admin',NULL),(186,91,101,'bbd799d6f515740d9ffdc9b049b9051132d215fbd56cd78925e55752c6635ae7',1,'2021-12-04 14:56:27',NULL,NULL,'admin',NULL),(187,91,102,'2b041ce768f67e2063ed8c613162779df97f357ab1e1fad19a6d85aa226f2ab3',1,'2021-12-04 14:56:27',NULL,NULL,'admin',NULL),(188,91,106,'5a568f67eeb49dfcee6386bbe37dbd4aa5c4d32e7aa668e5a98e82e530a74efe',1,'2021-12-04 14:56:27',NULL,NULL,'admin',NULL),(189,91,105,'b8ca49e7799798b12b299c7ed70bd12019414e6d44c078e4b02b4b3cebf3204d',1,'2021-12-04 14:56:27',NULL,NULL,'admin',NULL),(190,91,103,'3e004b7a99b8ecebe5a36f9be930485fbe712e69d9316b9887a4c172a3ff74aa',1,'2021-12-04 14:56:27',NULL,NULL,'admin',NULL),(191,91,99,'29cfecd506d9e11867fa1c7d44e9f12f73c410d30fe3dc67dcea00ec207a1cde',1,'2021-12-04 14:56:27',NULL,NULL,'admin',NULL),(192,91,41,'68764f5f80bc7843ec282ed525bef415f0e62bc1a8305f262316e1f912421e6c',1,'2021-12-04 14:56:27',NULL,NULL,'admin',NULL),(198,101,164,'66b1de7bd0eaf28e69b310cfc7de5b573a8c415ce987363e02d36a69411a35cf',1,'2021-12-04 14:59:10',NULL,NULL,'admin',NULL),(199,101,97,'0d2ac81ee085e86bd567f319c4a11183711c32a97bd38ede4d89e751ec050f6f',1,'2021-12-04 14:59:10',NULL,NULL,'admin',NULL),(200,101,162,'96bf9aa2e6413d35ea9e3db45023ac0c9244ff3ba1e310fa8d9dc0681e325ef4',1,'2021-12-04 14:59:10',NULL,NULL,'admin',NULL),(201,91,104,'ce5d05b52fba639d0da43c1ef89562f20b415d494f93b580c197c1c31bd15d3d',1,'2021-12-04 14:59:20',NULL,NULL,'admin',NULL),(202,96,18,'de012e8c1551152776c1634a50cefb26209b30167991b418a76bcfd306f3d800',1,'2021-12-04 15:01:13',NULL,NULL,'admin',NULL),(203,96,58,'f201639774b1cf7281f4d1e6a6a40e8ae8bdfad2ff4a6edf1d37986e6eecf20a',1,'2021-12-04 15:01:13',NULL,NULL,'admin',NULL),(204,96,151,'b35aa315ff5b43a2b6cb3ca0ae60875f3f4cfaae7808b54614c94fabd86c61e1',1,'2021-12-04 15:01:13',NULL,NULL,'admin',NULL),(205,96,60,'372dc1c235ade36b0977f85f5b9b0a9d3a9aa7ebe42b3a16e660dfa981901499',1,'2021-12-04 15:01:13',NULL,NULL,'admin',NULL),(206,96,61,'4a0a204c180b1ee9da160501ae6d097d0d925098fbc567ccd4a2d765feb96715',1,'2021-12-04 15:01:13',NULL,NULL,'admin',NULL),(207,96,59,'357c1a0c71d3836ccbc781ea7d15514e0e4ea1b28627061df7a3509eb76f66a0',1,'2021-12-04 15:01:13',NULL,NULL,'admin',NULL),(208,96,153,'e9925c236bc9df609cd6677a7e3361a0c1edb1ca67f54097c4d86e94d0dc0070',1,'2021-12-04 15:01:13',NULL,NULL,'admin',NULL),(209,96,64,'afe6aa38cd6950340022718cfddf4f46faeee7fec38f137e01b7c49dd22f925d',1,'2021-12-04 15:01:13',NULL,NULL,'admin',NULL),(210,96,152,'dcb51da8a7020bd0f3c9e51a26d868b39185b73440bc5091e599bcf4be07f699',1,'2021-12-04 15:01:13',NULL,NULL,'admin',NULL),(211,96,63,'53883d5074b8fa5d11703440beed0a89839e13c59a3938fe2485600924fccc4d',1,'2021-12-04 15:01:13',NULL,NULL,'admin',NULL),(214,96,33,'9a54f99f4c0edf74136bf544de2911b3ee33d32300fd6a05a6447e176ac14ca7',1,'2021-12-04 15:01:13',NULL,NULL,'admin',NULL),(217,102,155,'e79c971f424333b797fe86a699059d7e7dcabe9b222230e9da922d6b27703568',1,'2021-12-04 15:02:42',NULL,NULL,'admin',NULL),(218,102,156,'34fa82275ca93acb366f5af84b71e99275472eb236ac09990a05215a7b6ac81e',1,'2021-12-04 15:02:42',NULL,NULL,'admin',NULL),(219,102,158,'43fab5707f703029a419dae55bf44dfe0afcaf601a73f86a474c8df8e63f70bf',1,'2021-12-04 15:02:42',NULL,NULL,'admin',NULL),(220,102,154,'5ac61d7ee4c2fe3a6cc19a91e72a3e5dd2fea3296590ce9901a541569071a8a9',1,'2021-12-04 15:02:42',NULL,NULL,'admin',NULL),(221,102,122,'ac41589347165e9a953adfde6006a43687db250389b626a0c1f0ecca5edbe71f',1,'2021-12-04 15:02:42',NULL,NULL,'admin',NULL),(222,102,157,'6ae147ba6016533fbcd481cf620c83c70a2e3b44a4c2f73cad5e56aa3cede563',1,'2021-12-04 15:02:42',NULL,NULL,'admin',NULL),(224,93,41,'54229ac7fb7d3bb6edcbd66c5ef1af14f1e0e451349a9827536c1e60eae1e0b9',1,'2021-12-04 15:16:54',NULL,NULL,'admin',NULL),(225,93,83,'c627f2c7917f42a9e007d3ad5251daba11d559a630f2ff9bf9e89ad13abc5fb9',1,'2021-12-04 15:16:54',NULL,NULL,'admin',NULL),(226,93,45,'6143bef49c9495e25b0d7fddc099deb63992d76105a68a34066224159c8a23d6',1,'2021-12-04 15:16:54',NULL,NULL,'admin',NULL),(227,93,44,'7e506373a8e0f8245be85ffb4750a8f8ba929eb476de2f535dd044c02ba909c6',1,'2021-12-04 15:16:54',NULL,NULL,'admin',NULL),(228,93,43,'36d104eaf6177c66ca0d7e262d7cd74576605bd98dda9ae93f76b974c49a6a53',1,'2021-12-04 15:16:54',NULL,NULL,'admin',NULL),(229,93,37,'1f0e93bfa6f2f6d555cca1f6a595e718792c5fcea1ae25d0896751e5daa9ff48',1,'2021-12-04 15:16:54',NULL,NULL,'admin',NULL),(230,93,82,'b698e886dffec002dac75a39b3305c9a15079ff016dd03c3398a0c20e10e8e02',1,'2021-12-04 15:16:54',NULL,NULL,'admin',NULL),(231,93,39,'07f8ae41b983c361fe1f86813eb5dbf192afec0b955fc389f3c3e0100cb6dc68',1,'2021-12-04 15:16:54',NULL,NULL,'admin',NULL),(232,93,38,'8ae14696cb48f7625291abf5373b5ac31187a75f31eca58d5a6e2090cc5db7e1',1,'2021-12-04 15:16:54',NULL,NULL,'admin',NULL),(261,92,88,'3262995e41cabece5bf115915d8b8dd61f8e2e09b4c4cc6f959529df33965807',1,'2021-12-04 15:20:42',NULL,NULL,'admin',NULL),(262,92,77,'33799d113759bea5f667ce184c87ffdba0ec41519d0e2a6521623a20bf5ed9b4',1,'2021-12-04 15:20:42',NULL,NULL,'admin',NULL),(263,92,85,'cd77ab5d9403a3615878c0f15b27fee126a165d249de31860cc60248396ba9c4',1,'2021-12-04 15:20:42',NULL,NULL,'admin',NULL),(264,92,84,'44ff996707e1496ca950db243456db43c77a1024dfd9cea66206d43bfc91195d',1,'2021-12-04 15:20:42',NULL,NULL,'admin',NULL),(265,92,71,'1b8b5e0cbc46867a04c3fd43c0a2737c0eb8f40380d89171b5e95f1b4ddc62d3',1,'2021-12-04 15:20:42',NULL,NULL,'admin',NULL),(266,92,34,'c911ebb5d5b204cdb8c8b3841f4e587863fc80cecd9ad3d7f71e704bd3af7bfc',1,'2021-12-04 15:20:42',NULL,NULL,'admin',NULL),(267,92,32,'91f76d23a001cd5291a924fd00c013c279d7c112b949aea370ccb2f436779e23',1,'2021-12-04 15:20:42',NULL,NULL,'admin',NULL),(268,92,73,'d93db9e55cdaf3ce42b24a23d22ebd5ddcea29545d26624044c31ee72c0211f8',1,'2021-12-04 15:20:42',NULL,NULL,'admin',NULL),(269,92,35,'5dbf1c9f86f4287b8724cfd4a12351fbdc7c2d7727ff50d69a6a6d9e9f421ca4',1,'2021-12-04 15:20:42',NULL,NULL,'admin',NULL),(270,92,21,'f2b8c14495d1b0ec9982eb657540225453b5b19609ae661bf835c48e8adf5cbf',1,'2021-12-04 15:20:42',NULL,NULL,'admin',NULL),(271,92,46,'2721e2aff7e84f4b8d4df7b264bfc96cf4859db1e06c998c02b0a52dc5611db8',1,'2021-12-04 15:20:42',NULL,NULL,'admin',NULL),(272,92,81,'11218a3ff5346f60bd9a31816ab2943ed619dd1118ce204bb777f6fdeb03caff',1,'2021-12-04 15:20:42',NULL,NULL,'admin',NULL),(273,92,80,'d66042ca4901947e637749b9cc2fe1f35ffab3cfd758b22f4cec01402e547f8c',1,'2021-12-04 15:20:42',NULL,NULL,'admin',NULL),(274,92,36,'c41586347754e46a835bfcc9e3fb4a409f8ac5a74884c0bbadf2b47064fee979',1,'2021-12-04 15:20:42',NULL,NULL,'admin',NULL),(275,92,22,'4b3b0bcf2de2a2633eba792d88025c265343d00688fa8c8299073fdc7e1ce0ee',1,'2021-12-04 15:20:42',NULL,NULL,'admin',NULL),(276,94,75,'66553ed9cccda77b8cebb49b0babdca4cfd8832a719abd7553f590a45203458b',1,'2021-12-04 15:22:07',NULL,NULL,'admin',NULL),(277,94,76,'cfccb75629ab77b20edf8ccfddb46604e7adf4b5003a8370b1f9bc0b3b3b908b',1,'2021-12-04 15:22:07',NULL,NULL,'admin',NULL),(278,94,74,'9a2221bb12984e0a80c363cd353ab863dcfbf7ef219a0bbe8b15c8456f1713b0',1,'2021-12-04 15:22:07',NULL,NULL,'admin',NULL),(279,94,55,'e6aa5eb9a32447985402d97a3f433ab64488ba2ef87f5209273d70ec9d273fe2',1,'2021-12-04 15:22:07',NULL,NULL,'admin',NULL),(283,95,31,'ead7129168920178b659709cd3db5e468f27782e8c5dbe128e783acb9382f188',1,'2021-12-04 15:23:24',NULL,NULL,'admin',NULL),(284,95,42,'e23b874abd8688cfa7e1b3d10dcea07594dff2fa0199195126ca6e4d2d6e1b91',1,'2021-12-04 15:23:24',NULL,NULL,'admin',NULL),(285,95,40,'bbb9934831e4c37736b90fe414d351368b462134271b134336bf4db7962d4f94',1,'2021-12-04 15:23:24',NULL,NULL,'admin',NULL),(286,95,53,'30d6e8fe294072f3a094db1056f11b5b4e31c1984376a24138dfc35b52dcae93',1,'2021-12-04 15:23:24',NULL,NULL,'admin',NULL),(287,95,54,'0441e518f804dbfa490b9ba04d7f6d74ea63c383c592be2af612adbd146a1cd5',1,'2021-12-04 15:23:24',NULL,NULL,'admin',NULL),(288,95,28,'e0acfdec605ac7974ab0b258e40a6acc2fb876c56881c24068a04f243722fd97',1,'2021-12-04 15:23:24',NULL,NULL,'admin',NULL),(289,95,30,'2d13a9d7dd9c0b4f660066519897acea787566a8c57d02216e1b3356c6d8a60e',1,'2021-12-04 15:23:24',NULL,NULL,'admin',NULL),(290,95,29,'8c516464b85a965e3080a9ed57a2c7eb98c1b723df07c5b3159bcd7c2992889c',1,'2021-12-04 15:23:24',NULL,NULL,'admin',NULL),(291,95,52,'66c62272fdd225f3eaa52f25ac220f382b891cb9252d52af18aab1b6b0815eae',1,'2021-12-04 15:23:24',NULL,NULL,'admin',NULL),(292,95,100,'80f71f5ee58fee5ad5ccb7d31d125818580dbefecbbe8e6ed43b674c717b242b',1,'2021-12-04 15:23:24',NULL,NULL,'admin',NULL),(293,95,56,'0c1ea139efd73f9645ff69bde403ec408dc510ae4989117eabf3f070f22129d3',1,'2021-12-04 15:23:24',NULL,NULL,'admin',NULL),(301,97,149,'a0253ffc8063eaa313ba1ff7f44e0192fd755619d9c58a9b7ed38327ac0ed071',1,'2021-12-04 15:27:39',NULL,NULL,'admin',NULL),(302,97,150,'352837293538a5f844e77de9b9afeb3c18cccd7a62ae12c7d7bf41775013dba2',1,'2021-12-04 15:27:39',NULL,NULL,'admin',NULL),(303,97,130,'6079134013a8883969729252c746dca4c3f34a17c53a339e62ada52d69f506a2',1,'2021-12-04 15:27:39',NULL,NULL,'admin',NULL),(304,97,2,'eca57c80fba087293fbec75ed9540b78fee0796a41dfc06e1e9668b097c817bb',1,'2021-12-04 15:27:39',NULL,NULL,'admin',NULL),(305,97,3,'cfabec6adfb7044f60563ef2fcd7dda5f4cbb007ee59d657ca2f20f7a1399dfc',1,'2021-12-04 15:27:39',NULL,NULL,'admin',NULL),(306,97,4,'e9748e6748e0f05ef7814bb7abb0338447d7edaebdc0daa4a95a67843b80fe3a',1,'2021-12-04 15:27:39',NULL,NULL,'admin',NULL),(307,97,127,'7ecf85ed461b94a7b546e8bc4ae84578c1244a66e1bfd6fbe959036f9324e354',1,'2021-12-04 15:27:39',NULL,NULL,'admin',NULL),(308,97,126,'01fd8890bfb5efc477ad48bf2ce20ffdbd4ed67f43ede6ed6ecc282e756657a4',1,'2021-12-04 15:27:39',NULL,NULL,'admin',NULL),(309,97,6,'6e71acc3a00347ecbc6a94de99df4912a9cf2f2bcf657e06702fc42f00a7cbbe',1,'2021-12-04 15:27:39',NULL,NULL,'admin',NULL),(310,97,19,'f0940b370a6e7042fd2ddf96b1169cefbac0cf38242988436ba0d4458f8a70ac',1,'2021-12-04 15:27:39',NULL,NULL,'admin',NULL),(311,97,5,'906784d7a6a653b7756fe8e5b2580242ba02197bf28abb1ca624de0e9ee1a547',1,'2021-12-04 15:27:39',NULL,NULL,'admin',NULL),(312,97,129,'97dd9f548623ded650d9c7248a1a46356dd1860562f983fdfb9d7be30e6f8afc',1,'2021-12-04 15:27:39',NULL,NULL,'admin',NULL),(313,97,7,'431c6a702830f979c6293199d84c6f2f3cae29c42e84128b01a5a4d886175a33',1,'2021-12-04 15:27:39',NULL,NULL,'admin',NULL),(314,97,8,'50fd7bdf1f5bb1db7815109adb40669cfc9ea07407b095f251e50ed00cb800fc',1,'2021-12-04 15:27:39',NULL,NULL,'admin',NULL),(315,97,125,'ed7dfcc8420638b30405e6468b1817ab3da697cb2fb75cd7b04b348c25ec7329',1,'2021-12-04 15:27:39',NULL,NULL,'admin',NULL),(316,99,135,'b8c702443a089583d995cf742b6c989bda8218337c56026cb15eea2647a68147',1,'2021-12-04 15:28:20',NULL,NULL,'admin',NULL),(317,99,12,'e39df8151161f4aef139fc6fafa165a926ee8116f3023d0cc9021fd369d74508',1,'2021-12-04 15:28:20',NULL,NULL,'admin',NULL),(318,99,13,'b6373f37ed3a977a319af60e86583847d042ddd59a096ed0d9dcbc3be106f3c6',1,'2021-12-04 15:28:20',NULL,NULL,'admin',NULL),(319,99,20,'56a64b50da14116dfbeb8d58c080a6426dd113a7e1fce4799fd298679d51d46e',1,'2021-12-04 15:28:20',NULL,NULL,'admin',NULL),(320,99,9,'30db4b144371f43c52f8bcd9b4d601ba6e515b94ae4ab6d6bd99b24d7a3ddb2d',1,'2021-12-04 15:28:20',NULL,NULL,'admin',NULL),(321,99,11,'0898d64a268887a116c468f1e1082befec50fcced607563e79b61a635ac8504f',1,'2021-12-04 15:28:20',NULL,NULL,'admin',NULL),(322,99,10,'f81b0b197638c3e1aef61a509eea40faa9e227d927d2b2bb3a445d8a9d7eb902',1,'2021-12-04 15:28:20',NULL,NULL,'admin',NULL),(323,99,134,'6c34f89ee4499d6749acc2c40aac1f1688811dda8098fb72f954f8d978d675cb',1,'2021-12-04 15:28:20',NULL,NULL,'admin',NULL),(324,99,132,'69822d2aff9f210865a971b95495bdb9acb25cacfb5c7acff589724d087e9b52',1,'2021-12-04 15:28:20',NULL,NULL,'admin',NULL),(325,99,131,'e2f37d31b951d9340f94077f425bfb4ccf7077052f06ffb24cccd6bd52c5c4a2',1,'2021-12-04 15:28:20',NULL,NULL,'admin',NULL),(326,99,133,'9df6183ebf328c64dce592f6d8da7e2dac460c268501207b84d502a64940ca06',1,'2021-12-04 15:28:20',NULL,NULL,'admin',NULL),(327,99,130,'a511c27b51f074115b0ee7d067174e0144609f1da020181534c61768f1b566b1',1,'2021-12-04 15:28:20',NULL,NULL,'admin',NULL),(328,99,126,'006715167dcc3cbdd8ddec9654443965a3a52767b421bbba930fa263fc3cf6ce',1,'2021-12-04 15:28:20',NULL,NULL,'admin',NULL),(329,99,129,'fde067e72ab660fb21b3b39b15dd5c96bbd3262ba1e0eca1f8cc092251566691',1,'2021-12-04 15:28:20',NULL,NULL,'admin',NULL),(330,99,7,'f79860fe6f550dff1df8a516d46593c2ce486f54a01800eb7f8bdb7f19aef2e2',1,'2021-12-04 15:28:20',NULL,NULL,'admin',NULL),(331,99,8,'a0ea2fbf4318ae87e28f85e0d9e4ff1036fceb77d9c5686e45dfa9e0e45acb88',1,'2021-12-04 15:28:20',NULL,NULL,'admin',NULL),(347,98,147,'2f0d1282fcb8c91989347d43bc69681840fbd61c245ec2aeca4d60d9f54e6b39',1,'2021-12-04 15:28:36',NULL,NULL,'admin',NULL),(348,98,142,'e82625bc99a5ba275c5d4d3a23820ad0a6024058b9a2fbec8a2d93b4935b249e',1,'2021-12-04 15:28:36',NULL,NULL,'admin',NULL),(349,98,141,'60a5bbf8b14777fd0e8049327f173777685e6be3909c20480ab396accf2bfc91',1,'2021-12-04 15:28:36',NULL,NULL,'admin',NULL),(350,98,143,'a5ad256828799f1e9f772cf5b749872181577c3fe9892c3e0d8c7dada18361d8',1,'2021-12-04 15:28:36',NULL,NULL,'admin',NULL),(351,98,144,'f3ec17c959f4eb080285b91f3dce66064ed0615c97c1a136ebb24569a8d701ce',1,'2021-12-04 15:28:36',NULL,NULL,'admin',NULL),(352,98,148,'30a34bfe656cc89e1906465f3c235656b1c928216d659c99bdb6197bc30009e1',1,'2021-12-04 15:28:36',NULL,NULL,'admin',NULL),(353,98,145,'0c351b48fc79a0dedcef9229c91531fe1106b74caf5c3009f6a317e99b3367a9',1,'2021-12-04 15:28:36',NULL,NULL,'admin',NULL),(354,98,146,'e567622b909a897579514f1956c1d936be9b5bf4e9d7c91501333f82a6dc7419',1,'2021-12-04 15:28:36',NULL,NULL,'admin',NULL),(355,98,149,'b8c08722eced730e46d26e359baaf0c4e39586643876906bfdbd37e6ff9ed722',1,'2021-12-04 15:28:36',NULL,NULL,'admin',NULL),(356,98,150,'11d2dcf1b0c93e9d22c8ae45cbc7c2c97d65352e1388e97bd29ef709e24dc602',1,'2021-12-04 15:28:36',NULL,NULL,'admin',NULL),(362,100,135,'8bd7689a0d63c8f2b24a303641416ed3944c4fac88732397b7694beb6fab9223',1,'2021-12-04 15:29:19',NULL,NULL,'admin',NULL),(363,100,12,'9b7f2731778ec5ef0a3832d17eb9e65de2287bfe2d39c3d9a6a2d9eca41b74ef',1,'2021-12-04 15:29:19',NULL,NULL,'admin',NULL),(364,100,13,'e63c3e1ff2a0fbe62db213909191db062dda094d1611124db72af85ad6ee25fd',1,'2021-12-04 15:29:19',NULL,NULL,'admin',NULL),(365,100,137,'fae3292febf37668ae5150c35a2d50675e1328f8c25af231ca5c61e166dfb658',1,'2021-12-04 15:29:19',NULL,NULL,'admin',NULL),(366,100,136,'fba5ef4e9d0067359537e952f4fa07ff41ef5187f1d6f83781e4b757dfc0dcc5',1,'2021-12-04 15:29:19',NULL,NULL,'admin',NULL),(367,100,14,'1926148be1295466ce8def6304d6532c3ea7d846f32be39a7e631523d8edd539',1,'2021-12-04 15:29:19',NULL,NULL,'admin',NULL),(368,100,138,'fd18d56bb56b6d4663c4c2f9cdab6d50bf28f61a354da2ea7cc7a1f3ab1325ea',1,'2021-12-04 15:29:19',NULL,NULL,'admin',NULL),(369,100,139,'efdeb137295dfd513cc83459b487f09a1c4c718d99e6e8bcb2209db24ca180df',1,'2021-12-04 15:29:19',NULL,NULL,'admin',NULL),(370,100,140,'1f48b513ac318acdbc512be9c72684a4011762bd2f55c50718e1611525d276d4',1,'2021-12-04 15:29:19',NULL,NULL,'admin',NULL);
/*!40000 ALTER TABLE `auth_role_privilege` ENABLE KEYS */;
UNLOCK TABLES;

--
-- Dumping data for table `auth_user`
--

LOCK TABLES `auth_user` WRITE;
/*!40000 ALTER TABLE `auth_user` DISABLE KEYS */;
INSERT INTO `auth_user` VALUES (1,'13088admin','BCB71451C344BFB09FC0403699098E9E','9AD7D367E655BDED9BE3649B98D0886C',1,'AC9F295404DF9E4D224892AA7312DEBE',1,'E34963BA0C9AD3979E43F19649EC15A2',NULL,'2020-11-01 09:48:24','182.86.203.201',NULL,1,0,'6e4d9624921bca3de693713d83496a759fd0afb52e1856c68dee78dae13d5daf',1,'2020-11-01 09:48:24',NULL,'2020-11-01 09:48:24',NULL,NULL,2,'admin',NULL),(46,'8131600001','BCB71451C344BFB09FC0403699098E9E','7FC0128D40DF298E34E77DCB7AAB3B62',1,'C1CD9B50A12262FFDB07BBFFB0DC6237',1,'DBA85F012E0AEB0D544DA57450B89D78',NULL,'2020-11-01 09:48:24','111.73.169.226',NULL,2,1,'61f05c73dad05187a6145a12268081fe2b97bb6423dc3745654c44935fa46498',1,'2020-11-01 09:48:24',NULL,'2020-11-01 09:48:24',NULL,NULL,2,'admin',NULL),(47,'2721900002','BCB71451C344BFB09FC0403699098E9E','1F5AEF0D393F881030A1CFC498E51EBC',1,NULL,1,'BF2A37D1E23FA73CBDBDB2B03A0A6FA3',NULL,'2020-11-01 09:48:24','111.73.172.255',NULL,1,2,'76ccdcf6de0feb0769bbb49d5e7599b39cb916d0e4ff9e0f49e116cf8937f289',1,'2020-11-01 09:48:24',NULL,'2020-11-01 09:48:24',NULL,NULL,2,'admin',NULL),(48,'8532600003','BCB71451C344BFB09FC0403699098E9E','0C7A3966CA8FD9AC0E6CE07578A69558',1,NULL,1,'60F28DAEBB7EDADED819C6E5462E37B5',NULL,'2020-11-01 09:48:24','182.86.207.170',NULL,1,3,'94cf7727eddad340995cd917356c278e2ae1c1c2dc965e4e98c3aeecb3fefac4',1,'2020-11-01 09:48:24',NULL,'2020-11-01 09:48:24',NULL,NULL,2,'admin',NULL),(49,'7623000006','BCB71451C344BFB09FC0403699098E9E','B0C89BCF72108F84DDF2C5846AB28701',1,NULL,1,'534D5B3A7BBB4F386DC04A0AD49BF6AB',NULL,'2020-11-01 09:48:24','111.73.172.255',NULL,1,4,'497d79c5950b0951b99477e288c15176ae16a30f3ee463a525716699f71282f6',1,'2020-11-01 09:48:24',NULL,'2020-11-01 09:48:24',NULL,NULL,2,'admin',NULL),(50,'8043300005','BCB71451C344BFB09FC0403699098E9E','5422555E914BBD3D2E4947E33245BCBE',1,'AEF8BC395A3475BB0162C00C04C05840',1,'65127DDD9ABCAB1DB6FC89D5C02FD036',NULL,'2020-11-01 09:48:24','111.73.169.94',NULL,1,5,'668ef69636c6073e560a2e5069f5119daf879b349240e1676c5464773db21dc1',1,'2020-11-01 09:48:24',NULL,'2020-11-01 09:48:24',NULL,NULL,2,'admin',NULL),(51,'4216700007','BCB71451C344BFB09FC0403699098E9E','24FB99F3524C260E5B47693DF79F2F77',1,NULL,1,'60766AC256539ACC9D2EEFA63AA4F4A3',NULL,'2020-11-01 09:48:24','59.63.23.162',NULL,1,6,'28e42ae9ee5f5649721841105220fb584c99ce4e44e3febec6f6f14182fb9a04',1,'2020-11-01 09:48:24',NULL,'2020-11-01 09:48:24',NULL,NULL,2,'admin',NULL),(52,'7728110000','BCB71451C344BFB09FC0403699098E9E','461CF1F0CD265EB4548608F1FAD3EA8B',1,NULL,1,'A1671C3EA5212735794A061A6C17E6E0',NULL,'2020-11-01 09:48:24','59.46.161.186',NULL,1,7,'7291345d5b986d32ce01ecf59c97c9ede8b911e1551885a662362431d3d8c618',1,'2020-11-01 09:48:24',NULL,'2020-11-01 09:48:24',NULL,NULL,2,'admin',NULL),(53,'8884810086','BCB71451C344BFB09FC0403699098E9E','11827974D22B153CC7B5AB7164C13233',1,NULL,1,'F9985945EDED5C3A1D53D53B6D2C40BD',NULL,'2020-11-01 09:48:24','120.35.68.104',NULL,1,8,'e300979a8842e6a43ee9bd5a447077739833eded8dadb33a42e7bb31fc918c55',1,'2020-11-01 09:48:24',NULL,'2020-11-01 09:48:24',NULL,NULL,2,'admin',NULL),(54,'9259200008','BCB71451C344BFB09FC0403699098E9E','C99D000770B40767B6C82042066AB825',1,NULL,1,'3FBADD59B300A0FAE40DBAC30FD34540',NULL,'2020-11-01 09:48:24','',NULL,1,9,'b3a8d8652b740460bfc17d50d68578584b92a472c371d928d85cf67b9b3d0b0c',1,'2020-11-01 09:48:24',NULL,'2020-11-01 09:48:24',NULL,NULL,2,'admin',NULL),(55,'5961900008','BCB71451C344BFB09FC0403699098E9E','B2FECF6EAF791C08A033BEFC2D9611C4',1,NULL,0,'069F04E20949AE3014FFBAE629F2FE3B',NULL,'2020-11-01 09:48:24','111.73.169.58',NULL,1,10,'2d79ee0e2cfba3b6495dce32fa336442796106ab415a3df68402e6b66f2f02ab',1,'2020-11-01 09:48:24',NULL,'2020-11-01 09:48:24',NULL,NULL,2,'admin',NULL),(57,'comment','BCB71451C344BFB09FC0403699098E9E','222E09A342C01A7B15C39DB650D659C0',1,'55BB1A21EB05CE6053E8F4FE4BD085B4',1,'42447855174540134402EDB2875E16C2',NULL,'2020-11-01 09:48:24','111.73.175.84',NULL,1,0,'f8d4b50b705fd84b348b663f960c5387f0d7bfec4d7e002b6f235be5e1f54c00',1,'2020-11-01 09:48:24',NULL,'2020-11-01 09:48:24',NULL,NULL,2,'admin',NULL),(58,'5264500009','BCB71451C344BFB09FC0403699098E9E','AA59732A377B67627C583B0C1082C10F',1,NULL,0,'42A4997FE6FA3E049F77304DA4421985',NULL,'2020-11-01 09:48:24','111.73.133.9',NULL,1,2,'204b23e4f5edb455f7053e16688549753641d358de7d5275c8846cab39f97baa',1,'2020-11-01 09:48:24',NULL,'2020-11-01 09:48:24',NULL,NULL,1,'admin',NULL),(59,'537300010','BCB71451C344BFB09FC0403699098E9E','9460F7DD7FBC196B367D0BEF184C3464',1,'3928DF0D0925F8CD3E0E8EB1B16ED770',1,'7878E0994A50960BF0B3B2E551098732','test','2020-11-01 09:48:24','111.73.172.255',NULL,1,1,'1e58a1521bd2e372026b877c177c2576692711285b84019766a50e32ee28e817',1,'2020-11-01 09:48:24',NULL,'2020-11-01 09:48:24',NULL,NULL,1,'admin',NULL),(60,'pikaas','E64621DFB153E686CA0ACE67B694F4AB','F24D7C8B9BEC0C065CDF9DB5DEA07F65',1,'827D6495305261758C8646FA898F1A9EE6EE0689F9840B3D43ACE844593499C4',1,'F3EFE2D37617AC999DA6136CBD64370C',NULL,NULL,NULL,NULL,1,0,'c056d3acc91c3bfcc54caa8da5cf3a0823e7a71512040893f24beb628c27fe4d',1,'2021-11-29 09:09:09',NULL,NULL,'B7B11905DD1AC8394D45E5ABE33B14D7','BCB71451C344BFB09FC0403699098E9E',1,'admin',NULL),(61,'pikaas2','E64621DFB153E686CA0ACE67B694F4AB','18354D27CCF1D5F7844E107E59000F01',1,'35A3DA39D5569388AD07A1281416783FC3C6B7BBE6D54F37B1787D91462AB180',1,'F3EFE2D37617AC999DA6136CBD64370C',NULL,NULL,NULL,NULL,1,0,'5eca8efc6065fe794d9f9a22645c5a41a5aa9cda3f4c848f0fa1b52eb7b6cd5e',1,'2021-11-29 09:10:20',NULL,NULL,'B7B11905DD1AC8394D45E5ABE33B14D7','BCB71451C344BFB09FC0403699098E9E',1,'admin',NULL),(62,'jxy123','BCB71451C344BFB09FC0403699098E9E','AF2EA18B8F0769C47922AF8DF9EC57DF',1,'869EAF623FC615201A4C70B1A354D05D',1,'08A7DC6CAAAFB30CD81B285344B48F9F',NULL,NULL,NULL,'12345',1,-1,'495efcee46ef737fe9ed0b25a89782a858227dfe2b0c0dc3b9f797bc1654e2dc',1,'2021-12-01 00:30:38',NULL,NULL,'F24D7C8B9BEC0C065CDF9DB5DEA07F65','ABF2E54F2199B85C7C996A426828DF16',0,'admin',NULL),(17330,'shop1_auth','BCB71451C344BFB09FC0403699098E9E','A974FB5DA84F089CA48416C1BD805AB1',1,'1C59B368D5F2864966A1EF4C15CE6DF7',1,'8BBDD2AAD508384016004E7D69B1319101F726B2B44877010D4C895284B519F8',NULL,NULL,NULL,NULL,1,1,'b1fcb1a219a3a9b06efac44019966100b0ad089b36a3fb7460d3de18c663feae',1,'2021-12-04 16:09:42',NULL,NULL,NULL,NULL,1,'admin',NULL),(17332,'shop1_coupon','BCB71451C344BFB09FC0403699098E9E','64ECDE0D01217A7DD538329672C8E33A',1,'3E6D86E16457ACE99998D4BB2F40AC33',1,NULL,NULL,NULL,NULL,NULL,1,1,'6bc26a38220f223c57a5dac9ea915515b23f0d93b3823e262cd8dfec1c722919',1,'2021-12-05 00:40:56',NULL,NULL,NULL,NULL,0,'admin',NULL),(17333,'shop2_auth','BCB71451C344BFB09FC0403699098E9E','4B382CE066C43071CB1C7FB66ECCC9C1',1,'31A7D16A7FAA120B29856F25EB5124B5',1,NULL,NULL,NULL,NULL,NULL,1,2,'966ebe5108838ae7449702927367721ce66043616ba8e1c0f3cff65adce2dac8',1,'2021-12-05 00:43:10',NULL,NULL,NULL,NULL,1,'admin',NULL),(17334,'shop2_adv','BCB71451C344BFB09FC0403699098E9E','AA08DD72AED2D7595750558AF0CB54D4',1,'7D409487A624C71E7ABF2DDE4DE4EEC2',1,NULL,NULL,NULL,NULL,NULL,1,2,'fcd17219a8c14855347dcf69b04900f16c5482dfb1e7340313b7308e3538ad74',1,'2021-12-05 00:43:10',NULL,NULL,NULL,NULL,0,'admin',NULL),(17335,'shop1_both','BCB71451C344BFB09FC0403699098E9E','0E23B4BE68A42CC87D0F21582F5AEB6A',1,'DF11001F8AF3E60E563F4355B168D9AA',1,NULL,NULL,NULL,NULL,NULL,1,1,'c880f307d91ac089be7c3fcb9396869c251a200b04a7ac7bbf399a4cb6a4ad07',1,'2021-12-05 00:44:45',NULL,NULL,NULL,NULL,2,'admin',NULL),(17336,'shop2_both','BCB71451C344BFB09FC0403699098E9E','0B11B282FD0653C7C46CD4C8E832E851',1,'0B22CF378E8CEC31832ABEF4679A21BA',1,NULL,NULL,NULL,NULL,NULL,1,2,'7b649e2e8e6862244522a03afe119ffac2781673cff5d23e4dba1bd8f6f9b905',1,'2021-12-05 00:44:45',NULL,NULL,NULL,NULL,2,'admin',NULL),(17337,'shop1_proxy','BCB71451C344BFB09FC0403699098E9E','06372C13DC7D17104144CF996D971463',1,'3DE327CD3AC43EA3B3088B2D40C89F6B',1,NULL,NULL,NULL,NULL,NULL,1,1,'fdc10a3d65c6222aa5a1ad334c530b787a90f1d49891b6f76d4fa34776d257a4',1,'2021-12-05 00:55:42',NULL,NULL,NULL,NULL,1,'admin',NULL),(17341,'wrong_sign','123456','2433242',1,'3242@112',1,'签名错误',NULL,NULL,NULL,NULL,1,0,NULL,1,'2021-12-05 08:23:18',NULL,NULL,NULL,NULL,1,'admin',NULL),(17342,'change_user','123456','33432423',1,'112@44',1,'修改用户',NULL,NULL,NULL,NULL,1,0,NULL,1,'2021-12-05 09:03:48',NULL,NULL,NULL,NULL,1,'admin',NULL),(17343,'norole_user1','123456','223123',1,'223@11',1,'无角色的用户1',NULL,NULL,NULL,NULL,1,1,NULL,1,'2021-12-05 12:22:18',NULL,NULL,NULL,NULL,0,'admin',NULL),(17345,'norole_user2','123456','324234',1,'33@4er',1,'无角色的用户2',NULL,NULL,NULL,NULL,1,2,NULL,1,'2021-12-05 12:32:19',NULL,NULL,NULL,NULL,0,'admin',NULL),(17346,'delrole_user1','123456','2365346',1,'3s@12dr',1,'删除角色用户1',NULL,NULL,NULL,NULL,1,1,NULL,1,'2021-12-05 13:15:21',NULL,NULL,NULL,NULL,0,'admin',NULL),(17347,'delrole_user2','123456','331434254',1,'2445@11',1,'删除角色用户2',NULL,NULL,NULL,NULL,1,2,NULL,1,'2021-12-05 13:15:21',NULL,NULL,NULL,NULL,0,'admin',NULL);
/*!40000 ALTER TABLE `auth_user` ENABLE KEYS */;
UNLOCK TABLES;

--
-- Dumping data for table `auth_user_group`
--

LOCK TABLES `auth_user_group` WRITE;
/*!40000 ALTER TABLE `auth_user_group` DISABLE KEYS */;
INSERT INTO `auth_user_group` VALUES (1,17330,4,'d769a23cb3e61a7f8ac4ef6d64cdd570b8e1d7062e1ba457d0a463e94b0e1282',1,'2021-12-05 00:45:49',NULL,NULL,'admin',NULL),(2,17332,6,'63c0dbfa2b29dae80dd93465fae7fcc00a4bf377a4b4671b7d444352cd347c74',1,'2021-12-05 00:45:49',NULL,NULL,'admin',NULL),(3,17333,5,'827835c33d1f71dd750527e689e56629e45a5cb66fbb343803e8d7ad784d0448',1,'2021-12-05 00:46:29',NULL,NULL,'admin',NULL),(4,17334,7,'28c82df3f5286b49163693e05bdef3b2b8939c6ad70b18d0fa15923f30d693cd',1,'2021-12-05 00:46:29',NULL,NULL,'admin',NULL),(5,17335,8,'1c0787708a7dcdb2c31066024173e70c462e7195f83d37e5fd7da2bbb2b5260a',1,'2021-12-05 00:51:15',NULL,NULL,'admin',NULL),(6,17336,9,'638d654029541200d997040c141ccab8767e19f09a6d00f89dcdea827b4d4f07',1,'2021-12-05 00:51:15',NULL,NULL,'admin',NULL),(7,57,3,'00cf41847ce5d584db1f741bf72372b0f91d510cc9b82084215481f9f269f933',1,'2021-12-05 00:51:40',NULL,NULL,'admin',NULL);
/*!40000 ALTER TABLE `auth_user_group` ENABLE KEYS */;
UNLOCK TABLES;

--
-- Dumping data for table `auth_user_proxy`
--

LOCK TABLES `auth_user_proxy` WRITE;
/*!40000 ALTER TABLE `auth_user_proxy` DISABLE KEYS */;
INSERT INTO `auth_user_proxy` VALUES (6,17337,17332,'2021-12-05 08:56:35','2022-12-05 08:56:43','c4c8229fb40eb9d1d894d3f7a1e0132b7f11193ca7430e64883f37c257f96d2b',1,1,1,'2021-12-05 00:57:56',NULL,NULL,'admin',NULL,NULL,NULL),(7,17334,17333,'2017-12-05 08:57:32','2019-12-05 08:57:36','ccef809e8c264ddf4d63d2b6aa3c75a4d8be534af3dd5971920561adc449d363',1,2,1,'2021-12-05 00:57:56',NULL,NULL,'admin',NULL,NULL,NULL);
/*!40000 ALTER TABLE `auth_user_proxy` ENABLE KEYS */;
UNLOCK TABLES;

--
-- Dumping data for table `auth_user_role`
--

LOCK TABLES `auth_user_role` WRITE;
/*!40000 ALTER TABLE `auth_user_role` DISABLE KEYS */;
INSERT INTO `auth_user_role` VALUES (214,1,1,'59510d91a04a1af467946ec474bb7593d71a8af45f3dc1911dd5b3cbf62478a2',NULL,'2021-12-04 16:05:09',NULL,NULL,NULL,NULL),(215,2,46,'0f173b35763cbec5ffef4863270085c91324636ffc52b0454e0328e997419ba1',NULL,'2021-12-04 16:07:12',NULL,NULL,NULL,NULL),(216,3,47,'27bea89930ad2f5e517ddb7e019843db1832ed2dc7c7b1165c528e68828ef957',NULL,'2021-12-04 16:07:12',NULL,NULL,NULL,NULL),(217,4,48,'7b35d062af0c8c949a4407d3889137e76dbc6660fe613dc96ca1d719f9009c73',NULL,'2021-12-04 16:07:12',NULL,NULL,NULL,NULL),(218,5,49,'462a5012e60ae697e3b32f29a1639ab3cbda60b4852bc7494d184592bea37a7f',NULL,'2021-12-04 16:07:12',NULL,NULL,NULL,NULL),(219,6,50,'1d3c080f64b6db51968fd3dd78f5380cec9a720cd3521be5d16b7d3c32cb6f8f',NULL,'2021-12-04 16:07:12',NULL,NULL,NULL,NULL),(220,7,51,'923b51f6af0b67880273708ee81104c81183ac615d34a9fea8b9bec40388b497',NULL,'2021-12-04 16:07:12',NULL,NULL,NULL,NULL),(221,8,52,'1f83da0571348e24c65c33f42db4c508fc9b7fd851759b280e35331a7f3b3cf1',NULL,'2021-12-04 16:07:12',NULL,NULL,NULL,NULL),(222,9,53,'c1db08430f3510687d5ebaae77d0f62579c22133f6a4b293ee10af24710c6d87',NULL,'2021-12-04 16:07:12',NULL,NULL,NULL,NULL),(223,10,54,'33caa4714e8398305bf301196025e5ecb8aae36b54866714bd10521b5f25b5f5',NULL,'2021-12-04 16:07:12',NULL,NULL,NULL,NULL),(224,11,55,'7bb9f4d18375ebf05db99c6bdab3eed094a8713607d4bc3e61d6cfeb93d50cbb',NULL,'2021-12-04 16:07:12',NULL,NULL,NULL,NULL),(225,104,17346,NULL,NULL,'2021-12-05 13:17:31',NULL,NULL,NULL,NULL),(226,106,17346,NULL,NULL,'2021-12-05 13:17:31',NULL,NULL,NULL,NULL),(227,105,17347,NULL,NULL,'2021-12-05 13:17:31',NULL,NULL,NULL,NULL),(228,107,17347,NULL,NULL,'2021-12-05 13:17:31',NULL,NULL,NULL,NULL);
/*!40000 ALTER TABLE `auth_user_role` ENABLE KEYS */;
UNLOCK TABLES;
/*!40103 SET TIME_ZONE=@OLD_TIME_ZONE */;

/*!40101 SET SQL_MODE=@OLD_SQL_MODE */;
/*!40014 SET FOREIGN_KEY_CHECKS=@OLD_FOREIGN_KEY_CHECKS */;
/*!40014 SET UNIQUE_CHECKS=@OLD_UNIQUE_CHECKS */;
/*!40101 SET CHARACTER_SET_CLIENT=@OLD_CHARACTER_SET_CLIENT */;
/*!40101 SET CHARACTER_SET_RESULTS=@OLD_CHARACTER_SET_RESULTS */;
/*!40101 SET COLLATION_CONNECTION=@OLD_COLLATION_CONNECTION */;
/*!40111 SET SQL_NOTES=@OLD_SQL_NOTES */;

-- Dump completed on 2021-12-07 17:58:04
